,mean,median,mode,actual
1,51.791130769999995,7.3309999999999995,1.2043,61.0
2,39.24412378,6.47503,1.22533,6.0
3,42.753949559999995,6.4073899999999995,1.30625,58.0
4,40.06227304,6.346185,1.19347,6523.0
5,32.95338578,6.819455,1.2396,3.0
6,37.50317249,6.70424,1.26806,96.0
7,49.69803966,6.551635,1.25429,2.0
8,52.908489239999994,7.113285,1.19517,146.0
9,30.434486789999998,6.3131900000000005,1.32992,343.0
10,51.62648366,6.172140000000001,1.21982,1.0
11,36.77703333000001,6.61262,1.2535,163.0
12,41.96887154,6.8967,1.09166,2.0
13,77.91450402,6.94989,1.16201,18.0
14,42.55776677,6.940165,1.30212,98.0
15,84.63774562999998,6.517250000000001,1.24379,1350.0
16,37.26829408,7.19772,1.28845,4.0
17,38.15745954,7.25441,1.29224,1.0
18,42.876885339999994,6.9820150000000005,1.14023,35.0
19,36.0932255,6.8007100000000005,1.3548,108.0
20,70.54282445999999,6.664895,1.18078,1051.0
21,29.3885025,7.34716,11.87501919191919,16.0
22,45.20347168,6.921745,1.13116,140.0
23,55.462846930000005,6.960459999999999,1.21673,123.0
24,43.604557279999995,6.54513,1.2386,186.0
25,41.28968117,7.542955,1.11753,1.0
26,34.59828262,6.649735,1.33765,259.0
27,45.194018390000004,6.972785,1.42025,1.0
28,37.15497768,6.748335000000001,1.22215,129.0
29,35.56735693,6.224444999999999,1.31581,350.0
30,36.47888604,6.78815,1.26949,135.0
31,69.07138362,6.98435,1.14135,83.0
32,36.048307050000005,7.065135,1.2881,4.0
33,37.00203868,7.09476,1.18251,346.0
34,51.02289328999999,6.52896,1.22392,60.0
35,35.00565564,6.7669999999999995,1.19618,1.0
36,45.01397795,6.811415,1.3297,12.0
37,41.29059522,6.906025,1.23284,4.0
38,39.56590124000001,7.412515,1.30512,56.0
39,39.99011558,6.876315,1.15022,28.0
40,65.08467966,7.2278,1.31905,60.0
41,55.068246120000005,6.849575,1.20988,125.0
42,61.61348898,6.85256,1.2032,310.0
43,49.983367359999995,7.456315,1.10569,5.0
44,42.4940162,6.6014,1.13998,22.0
45,42.13271636,6.550129999999999,1.23964,3.0
46,46.080288859999996,6.329465000000001,1.26575,307.0
47,46.803868609999995,6.688549999999999,1.23442,224.0
48,92.28672486999999,7.44719,1.254,7.0
49,48.12484337,7.64129,1.2167,292.0
50,53.508176760000005,6.78187,1.17949,75.0
51,63.57750744,6.567005,1.18449,3.0
52,31.438891729999998,6.426,1.28388,151.0
53,62.49157339999999,7.794689999999999,1.1186,257.0
54,30.96033255,7.451029999999999,16.85518505050505,2.0
55,97.48344703999999,6.396635,1.1308,2.0
56,90.23846895999999,6.258839999999999,1.14828,43.0
57,47.50673943,6.32226,1.23551,149.0
58,38.864668470000005,6.237525,1.32238,1.0
59,38.507634610000004,6.997540000000001,1.22638,1.0
60,55.63115025,6.643445,1.33513,8.0
61,57.73435284999999,6.515594999999999,1.23988,6.0
62,53.78294239,6.80187,1.23148,64.0
63,41.62596743,6.599845,1.22488,150.0
64,33.21698855,6.840955,1.1996,5.0
65,55.974943960000004,6.838815,1.40144,169.0
66,46.50718235,6.794925,1.4008,466.0
67,36.157816,6.458915,1.1964,79.0
68,32.57745795,6.821235,1.3334,3.0
69,39.542898359999995,6.814415,1.27247,1.0
70,90.55610629000003,7.195595,1.23193,556.0
71,45.16635491,7.2946100000000005,1.41153,4732.0
72,50.47939626,6.592625,1.2034,1.0
73,54.622010749999994,6.788145,1.31877,176.0
74,43.93984364,6.31325,1.30228,63.0
75,36.326757549999996,7.109445,1.25386,253.0
76,37.598759269999995,6.82552,1.06709,12.0
77,46.57785356,6.93651,1.30972,1193.0
78,33.58977835,6.64847,1.20751,385.0
79,40.36194197,6.740115,1.15549,66.0
80,36.82417521,6.604845,1.26884,184.0
81,50.583223870000005,6.4850200000000005,1.17144,146.0
82,67.36455491999999,6.244785,1.24082,47.0
83,36.11002871,6.49649,1.16681,50.0
84,45.89550793000001,6.703995,1.24747,596.0
85,40.4888961,6.48016,1.25474,771.0
86,39.176157100000005,6.6299,1.16605,140.0
87,82.71593023999999,6.51255,1.15999,121.0
88,43.51804479,6.73234,1.17158,89.0
89,50.6844839,6.86291,1.20513,144.0
90,34.49987179000001,7.0630749999999995,1.1282,2.0
91,602.5946304400002,6.961585,1.29148,201.0
92,28.50860554,6.0065550000000005,1.2137,141.0
93,43.600503620000005,6.40508,1.23044,169.0
94,71.74896122000001,6.499635,1.14147,1.0
95,31.73371493,6.714925,1.31428,7.0
96,48.01486492,7.167695,1.2431,21.0
97,42.8826872,6.729175,1.16755,3.0
98,36.69509367,6.75909,1.20861,1.0
99,39.259038159999996,7.106195,1.17991,28.0
100,37.45593984999999,6.93122,1.1296,23.0
101,42.291520649999995,6.653359999999999,1.2115,33.0
102,49.84955369,7.0604,1.38037,2.0
103,108.61495932000003,6.568295,1.13097,65.0
104,35.32745329000001,6.6632750000000005,1.31708,200.0
105,238.49189119,6.231665,1.34088,93.0
106,30.96274082,6.67254,1.15866,97.0
107,29.25410872,6.17362,1.07921,5.0
108,37.80760326,6.295075000000001,1.14629,109.0
109,74.93219243999998,6.938115,1.27774,6.0
110,65.93035152,6.984640000000001,1.29987,365.0
111,87.95374547,7.016335,1.2223,70.0
112,26.9136058,6.158155,12.971035555555556,7.0
113,41.386616460000006,6.63276,1.18905,12.0
114,63.33424902,6.835895,1.13084,1.0
115,48.90090993,7.13426,1.33926,145.0
116,51.07418338999999,7.23959,1.15339,214.0
117,57.974158300000006,7.148429999999999,1.31816,11.0
118,33.632459329999996,6.349785,1.28247,377.0
119,38.05814959,6.983005,1.2179,9.0
120,45.04633718,6.2907150000000005,1.38625,505.0
121,44.00519797,6.94328,1.31631,5.0
122,52.630452770000005,6.66989,1.25225,59.0
123,80.48921828999997,6.21856,1.28005,93.0
124,44.44213371000001,6.267775,1.31077,275.0
125,47.27141077,6.839855,1.23681,813.0
126,28.951143769999998,6.53323,12.432454343434344,3.0
127,178.88337581,7.043265,1.225,271.0
128,46.91060731,7.366315,1.11282,574.0
129,53.08622365000001,6.333055,1.11395,75.0
130,38.13455706,6.46843,1.1211,191.0
131,36.10942544,6.45912,1.33288,1206.0
132,52.7487884,6.334885,1.15841,2.0
133,42.107632630000005,6.315645,1.42994,7.0
134,32.678897140000004,6.495945,12.776632323232322,1.0
135,66.20418684,6.94193,1.22552,63.0
136,36.91137716,7.007455,1.13411,7.0
137,43.74795041,6.76973,1.10245,9.0
138,61.9155607,7.000525,1.13087,174.0
139,89.54238157999998,6.789555,1.36832,176.0
140,160.49988492000003,6.132675,1.25753,311.0
141,59.70730785000001,6.22864,1.29252,178.0
142,32.80059874,6.60805,1.33913,26.0
143,65.61524103,7.05547,1.14324,277.0
144,46.232898969999994,6.78595,1.21741,138.0
145,44.83288155,6.84597,1.32639,2.0
146,32.07072751,7.158894999999999,1.38109,87.0
147,37.294020079999996,6.641159999999999,1.21499,24.0
148,45.765789489999996,6.621975,1.27587,3.0
149,41.10545848,6.75234,1.21583,268.0
150,51.68872531,6.83382,1.16139,440.0
151,28.54537109,6.327640000000001,1.14812,1280.0
152,36.14467281,6.556155,1.27313,3149.0
153,38.173435319999996,6.39387,1.16567,182.0
154,42.279650759999996,6.75118,1.16343,160.0
155,33.3472625,7.25165,1.22687,236.0
156,41.28738854,6.816695,1.18028,1.0
157,60.32383015,6.650135000000001,1.19223,1.0
158,34.301208509999995,6.278544999999999,1.14347,141.0
159,57.67764088,6.728085,1.34752,229.0
160,37.27571449,6.743875,1.16782,292.0
161,51.776233180000006,6.83913,1.26806,95.0
162,44.34191129999999,6.706754999999999,1.11829,111.0
163,80.70745717000001,6.40488,1.24139,125.0
164,31.94595643,6.644965,1.21931,599.0
165,83.65219686000002,6.70766,1.20751,28.0
166,31.28365494,7.0205649999999995,12.405978383838383,1.0
167,35.259093500000006,6.8399350000000005,1.26801,131.0
168,43.690831300000006,6.9624500000000005,1.27653,1.0
169,36.098082160000004,6.87782,1.22197,3577.0
170,27.29220256,6.4570050000000005,1.27333,6.0
171,26.98422574,6.692665,15.51098787878788,412.0
172,34.88487808,7.435505,19.676908282828283,187.0
173,46.571717879999994,6.41567,1.41147,131.0
174,44.25229873,7.5008,1.20067,2.0
175,42.608215709999996,6.980919999999999,1.22844,288.0
176,29.93934885,6.72391,16.91994808080808,2.0
177,50.437085440000004,7.061665,1.24142,402.0
178,35.763238750000006,7.265165,1.07929,66.0
179,45.31793837,6.35333,1.23842,83.0
180,34.43554296,6.32643,1.19202,76.0
181,35.02097151,7.132899999999999,15.037778383838383,330.0
182,36.0890199,7.3982,1.13327,2270.0
183,38.981553809999994,6.55814,1.31909,55.0
184,55.38555351000001,6.9098299999999995,1.12738,3.0
185,55.2115058,6.689855,1.12191,83.0
186,39.4599728,6.453545,1.21499,138.0
187,34.95505435,6.757995,1.22973,351.0
188,35.74317996,7.118805,1.16433,182.0
189,28.54772106,5.65113,1.29127,1.0
190,48.90271311000001,7.078564999999999,1.2377,213.0
191,41.263924509999995,5.9022950000000005,1.19983,120.0
192,52.245848190000004,6.541015,1.1972,54.0
193,36.79192578999999,6.967315,1.15993,82.0
194,44.36710818,6.3432949999999995,1.15459,1130.0
195,41.859843489999996,6.55899,1.19414,413.0
196,50.31214715,6.93323,1.20739,1.0
197,48.510961630000004,5.892245,1.2264,143.0
198,40.842455560000005,6.68581,1.25015,13.0
199,50.562781969999996,6.432895,1.24784,66.0
200,36.946833639999994,6.84481,1.18328,709.0
201,55.295709179999996,6.50757,1.2883,451.0
202,50.84472354,6.773135,1.31991,13.0
203,58.7026111,6.38993,1.25091,88.0
204,54.90120515000001,6.6240749999999995,1.27616,104.0
205,50.78103206,6.543585,1.14515,198.0
206,50.86950929,7.124985,1.25572,1.0
207,41.61466154,6.820485,1.13226,20.0
208,59.57236751,6.447685,1.35325,311.0
209,52.455870899999994,7.010985,1.29447,1694.0
210,45.85929515,6.11085,1.08664,215.0
211,43.43357332,6.32274,1.15803,2645.0
212,53.55446318,6.7680050000000005,1.27065,120.0
213,40.42673675,6.67691,1.20218,74.0
214,29.893568260000002,7.09554,1.16775,70.0
215,27.753937339999997,7.227315,12.563247676767675,8.0
216,35.56712806,6.164244999999999,1.24629,249.0
217,53.24501492,6.312635,1.36394,456.0
218,41.18728497,6.821815,1.20853,4.0
219,40.04424034,6.33448,1.15003,8771.0
220,89.07925211,6.55918,1.1132,256.0
221,48.09089176,6.045780000000001,1.14042,136.0
222,69.26189023,7.125475,1.31692,998.0
223,42.18428165,6.418315,1.25886,1031.0
224,45.25384575,6.678905,1.23635,108.0
225,71.14512735999999,6.760395,1.34278,2.0
226,27.578240949999998,6.21116,1.27031,160.0
227,34.392616600000004,6.697609999999999,1.31518,123.0
228,48.288768590000004,6.735635,1.27124,4.0
229,98.87631485000003,6.777575000000001,1.37159,277.0
230,44.156095179999994,6.93103,1.17034,192.0
231,80.39940142999998,6.670085,1.25083,1.0
232,39.12494558,6.762295,1.05275,21.0
233,61.24333619,6.991569999999999,1.18686,3.0
234,44.82197936000001,6.552569999999999,1.17713,65.0
235,37.55533547,6.75617,1.20141,199.0
236,32.417493650000004,7.181565,1.19444,1.0
237,46.54546018,7.0084800000000005,1.23446,7.0
238,26.96001567,6.745525000000001,15.290929090909092,91.0
239,41.444627139999994,6.2323900000000005,1.3399,626.0
240,41.194683989999994,6.608734999999999,1.13358,2.0
241,34.12482295,6.16188,1.41877,383.0
242,72.94449225000001,6.611535,1.19954,5.0
243,38.129846150000006,6.579775,1.28582,95.0
244,71.96570764,7.093245,1.12835,142.0
245,31.89113289,7.09291,1.24124,5.0
246,35.058868069999995,6.768225,1.22061,101.0
247,40.6965451,6.908185,1.4292,2.0
248,32.932241260000005,6.72328,1.1193,155.0
249,34.82219662,6.193405,1.21366,452.0
250,40.97434998,6.194345,1.23095,173.0
251,57.97360893999999,6.556615,1.28226,111.0
252,36.21314602,6.723834999999999,1.1157,186.0
253,41.01214587,6.6137250000000005,1.16881,394.0
254,41.50629441,6.83089,1.11845,93.0
255,42.99303482,6.844565,1.26251,102.0
256,41.22526372,6.26558,1.19222,168.0
257,50.76466027,7.366945,1.19126,184.0
258,42.798551950000004,6.25723,1.33535,357.0
259,50.740645060000006,6.6970600000000005,1.0908,191.0
260,57.27656313,7.684685,1.28212,269.0
261,40.502135159999995,6.51546,1.19449,137.0
262,39.09306124,6.728625,1.39873,182.0
263,52.48614385,6.6008700000000005,1.2934,2.0
264,34.31393797,7.03298,1.31961,722.0
265,40.29523295,6.600505,1.25595,278.0
266,39.57980427,7.48976,1.16666,94.0
267,37.9161041,6.429695000000001,1.24917,135.0
268,53.332976800000004,6.9223099999999995,1.32259,310.0
269,35.8247558,6.586435,1.08948,155.0
270,43.66127033,6.55891,1.24837,132.0
271,37.499674279999994,6.671805,1.19394,113.0
272,43.87816469999999,6.735754999999999,1.25598,64.0
273,35.36905957,7.19604,1.22904,307.0
274,41.53528802,6.978155,1.19711,1698.0
275,33.32721765,7.808755,1.1814,2.0
276,47.3022739,7.248355,1.24268,64.0
277,49.88897069,6.628914999999999,1.40111,68.0
278,28.966218240000003,7.1124,16.94325595959596,2.0
279,49.43634517,6.711625,1.21653,4.0
280,40.47832557,6.591225,1.27257,507.0
281,39.30519006,6.2290399999999995,1.08406,4.0
282,28.17242144,6.4022749999999995,1.2575,340.0
283,32.955849830000005,6.446960000000001,1.28542,2433.0
284,46.97370907999999,6.9003499999999995,1.23453,580.0
285,26.01521569,6.14302,10.725993737373736,348.0
286,50.01263951,7.02463,1.22949,274.0
287,70.0324207,7.55288,1.33561,151.0
288,35.03875734,6.3452850000000005,1.23105,394.0
289,32.1791083,6.597424999999999,1.2662,86.0
290,73.61398517999999,6.91453,1.25993,393.0
291,28.96443126,6.334645,1.28699,58.0
292,54.266592919999994,6.836225000000001,1.21275,169.0
293,46.109012279999995,6.442965,1.24688,164.0
294,32.6851515,6.828284999999999,16.2093797979798,291.0
295,76.59613746,7.175364999999999,1.24682,907.0
296,39.779647430000004,7.22644,1.04275,127.0
297,45.61815415,7.158875,1.22712,3.0
298,38.228569359999995,6.929535,1.33174,84.0
299,45.342893450000005,6.627495,1.14636,120.0
300,52.79566242,6.98249,1.29201,464.0
301,33.80731651999999,6.469055,1.13304,9.0
302,49.47986208,7.1642600000000005,1.24356,397.0
303,47.75745387,7.01931,1.16519,263.0
304,28.736081249999998,5.84543,1.10104,96.0
305,38.368569109999996,6.748315,1.13,7.0
306,35.96413719,6.510475,1.22917,352.0
307,42.295124630000004,6.14337,1.13573,111.0
308,44.50303632,6.337054999999999,1.45675,314.0
309,86.06154067,6.8184249999999995,1.16046,57.0
310,64.54450187,6.690815000000001,1.30462,136.0
311,95.98004390999999,6.671455,1.1694,1153.0
312,51.34033051,6.789205,1.31859,398.0
313,38.35670826,7.18196,1.15928,60.0
314,41.97662494,7.209175,1.24577,85.0
315,63.34724735,6.4789200000000005,1.30421,58.0
316,42.694356469999995,6.85984,1.33794,345.0
317,39.25484333,5.98457,1.197,270.0
318,42.70426114,6.80591,1.24669,421.0
319,40.03469825,6.590195,1.29936,455.0
320,31.33859306,6.7958750000000006,1.20919,249.0
321,34.23589696,6.528575,1.20288,397.0
322,37.45701637,6.87755,1.2347,102.0
323,76.58204973,6.7982499999999995,1.22782,233.0
324,37.38329732999999,6.76105,1.35188,190.0
325,36.6157471,7.5094899999999996,1.33554,287.0
326,42.32311802,6.429965,1.30546,125.0
327,41.6479242,6.466060000000001,1.26945,75.0
328,65.06024189000001,6.161575,1.08591,104.0
329,29.753857340000003,7.331765,11.104584646464646,193.0
330,39.185129329999995,6.6974,1.24211,69.0
331,37.644255980000004,7.1076049999999995,1.18322,104.0
332,36.178145109999996,6.289895,1.29915,211.0
333,38.89291753,6.4718599999999995,1.15316,2.0
334,36.754186430000004,6.52319,1.37721,168.0
335,81.19845061,6.617685,1.09931,73.0
336,46.16377307,7.04968,1.21694,124.0
337,44.228268789999994,7.07214,1.31773,83.0
338,50.40239066,6.66078,1.253,219.0
339,35.08082998,6.746585,1.20683,1.0
340,54.64567118,7.073215,1.27106,257.0
341,61.038773289999995,7.127585,1.11641,125.0
342,37.947114,6.5439799999999995,1.28605,151.0
343,49.43218986000001,6.57092,1.19377,92.0
344,35.98487034,6.54662,1.33531,210.0
345,44.96501948,6.33143,1.2557,714.0
346,33.14931568,6.31437,1.2778,4.0
347,38.054235549999994,5.96347,1.24406,2.0
348,38.52174495,6.2498000000000005,1.20928,269.0
349,54.95593272000001,6.626445,1.27019,81.0
350,79.15204901,6.992315,1.32872,251.0
351,50.644856110000006,6.62964,1.25596,596.0
352,77.88439614,6.732235,1.33116,1.0
353,75.59902135,6.7828599999999994,1.13954,216.0
354,53.603853380000004,7.385415,1.15507,75.0
355,40.19936732000001,6.79998,1.22923,7.0
356,44.05983986,6.918559999999999,1.21037,79.0
357,57.437781109999996,7.321695,1.33839,191.0
358,35.89435308,7.107205,1.21291,230.0
359,36.0844024,6.36553,1.21966,51.0
360,47.28040786,6.591934999999999,1.28841,1.0
361,32.73064281,6.764865,1.19404,70.0
362,30.677333060000002,6.937860000000001,1.23429,270.0
363,32.93939621,7.140315,12.777500202020205,219.0
364,49.74241236,7.2458,1.1929,6.0
365,27.96720099,7.155715,8.408774747474748,161.0
366,62.553776119999995,6.626245,1.20306,56.0
367,43.10627439,6.516025,1.1819,1.0
368,47.66324666,6.62927,1.17457,248.0
369,42.88085928,7.2275,1.16386,240.0
370,42.11222095,6.798875000000001,1.24024,51.0
371,169.69256055,6.886225,1.29263,58.0
372,35.91386068,6.578805,1.32875,63.0
373,40.83987631000001,6.63283,1.17205,95.0
374,32.256536690000004,6.667925,1.45817,3.0
375,47.454427720000005,6.725585000000001,1.18866,947.0
376,44.758367529999994,6.95703,1.14558,2.0
377,39.67489004,6.836075,1.27473,109.0
378,33.45041074000001,6.946775,1.20119,65.0
379,32.17654746,6.047915,1.34317,151.0
380,42.950102830000006,7.02929,1.23528,77.0
381,39.40554308,6.80635,1.16753,214.0
382,31.499066740000004,6.284095,1.14809,612.0
383,47.70377304,6.572875,1.19076,145.0
384,64.82757948,6.25853,1.23211,90.0
385,38.60125982000001,6.9735,1.08241,110.0
386,32.380701980000005,6.40215,1.27709,110.0
387,48.14008137,6.745805000000001,1.32391,333.0
388,48.9802972,7.08331,1.45557,60.0
389,64.8473032,6.9943100000000005,1.30563,88.0
390,76.48425866000002,6.4762450000000005,1.23721,107.0
391,42.91858614,6.401104999999999,1.41802,3.0
392,38.10602476,6.47834,1.24934,97.0
393,36.5330741,6.3893,1.2272,1139.0
394,56.71326277,6.3799600000000005,1.14316,94.0
395,70.79769513999999,6.86752,1.33329,404.0
396,49.29577837,6.27074,1.16053,113.0
397,64.99701859,7.02089,1.37417,820.0
398,32.7364294,6.21661,1.21417,66.0
399,44.593683,6.83508,1.37375,97.0
400,37.77372994,6.800084999999999,1.09774,110.0
401,29.898481240000002,6.650575,1.26202,226.0
402,62.023271890000004,6.3975100000000005,1.18293,128.0
403,48.561553929999995,7.03871,1.19225,61.0
404,33.67135922,7.15064,1.30239,64.0
405,41.39207774,6.44592,1.2996,54.0
406,42.38545156,6.83057,1.23237,69.0
407,45.31111251,6.5638950000000005,1.25697,139.0
408,39.943497799999996,6.59243,1.31647,381.0
409,33.77239221,6.952825,1.3097,168.0
410,37.36081273,6.90245,1.29499,111.0
411,62.78409915,6.872305000000001,1.05815,275.0
412,33.67880932999999,6.8329249999999995,1.13511,104.0
413,36.53019743,6.908425,1.28335,83.0
414,52.56997113999999,6.6911249999999995,1.27059,1.0
415,40.37165065,7.222925,1.10551,866.0
416,38.01011566,6.877105,1.30442,239.0
417,35.78472743,6.418495,1.25778,82.0
418,122.80920101000002,6.47085,1.28291,217.0
419,33.14945673999999,6.442584999999999,1.20316,94.0
420,30.963602310000002,6.205735,1.38808,59.0
421,66.12472698,6.679085000000001,1.13689,2.0
422,48.01244024,7.147119999999999,1.32524,106.0
423,38.49781,6.7680299999999995,1.25616,1.0
424,33.0065516,6.91175,1.29801,127.0
425,31.43001739,6.7357949999999995,1.22293,134.0
426,59.52044970000001,6.518140000000001,1.11854,82.0
427,32.02642177,6.469735,1.28053,1.0
428,58.73575433,6.53547,1.23786,791.0
429,29.00842872,5.871930000000001,1.23932,2721.0
430,29.73314052,6.847545,14.854786464646462,1.0
431,34.03562542,6.7197499999999994,1.17077,130.0
432,39.807051810000004,6.574855,1.32794,336.0
433,37.25089649,6.43491,1.14751,307.0
434,46.62741244,6.663035,1.22276,132.0
435,36.600484,6.81048,1.21365,69.0
436,44.58457224,6.922245,1.34543,1.0
437,49.89351798,6.7442150000000005,1.31034,149.0
438,57.8167756,6.26305,1.34365,171.0
439,36.971955619999996,6.346315,1.17268,96.0
440,39.28529625,7.251935,1.31332,1.0
441,30.60559831,6.781874999999999,1.26379,1319.0
442,43.81404623,6.351,1.25827,830.0
443,41.30068245000001,7.141534999999999,1.35503,87.0
444,35.583125929999994,6.43039,1.18277,113.0
445,39.86106788,6.486535,1.19617,131.0
446,39.68125993,6.52694,1.27308,118.0
447,42.6221474,6.5642499999999995,1.26031,91.0
448,33.248640359999996,6.551159999999999,14.188965252525255,145.0
449,30.15637681,6.68879,1.21147,241.0
450,58.711750849999994,6.49997,1.34222,815.0
451,29.35352924,6.202755,14.690609494949495,120.0
452,57.713598,7.015545,1.30668,476.0
453,27.2960619,6.0101700000000005,1.17297,1408.0
454,45.76561344,6.243495,1.32794,89.0
455,49.068762299999996,6.536910000000001,1.19656,64.0
456,42.97600446,6.398155,1.27458,2.0
457,58.86759873000001,6.553635,1.42257,103.0
458,36.83832699,6.358475,1.30974,179.0
459,43.968831619999996,6.9612750000000005,1.17256,239.0
460,50.77017787,7.327325,1.26174,310.0
461,47.20069938,6.440189999999999,1.22867,103.0
462,39.10018744,6.61937,1.27932,1493.0
463,40.51188219,6.3762799999999995,1.23268,54.0
464,32.5174195,6.915385000000001,1.34609,285.0
465,49.83711777,7.1217950000000005,1.36861,622.0
466,44.88756559,6.758495,1.21394,241.0
467,38.4757652,6.744645,1.25681,224.0
468,44.206868459999995,6.74774,1.35548,112.0
469,62.552759439999996,6.6105149999999995,1.14851,107.0
470,37.80358569,6.36062,1.23149,3643.0
471,38.08141376,7.1096900000000005,17.177902424242426,5.0
472,34.18418517,6.10565,1.06236,108.0
473,94.19259175,6.961105,1.13564,2.0
474,26.58436542,6.55334,1.27172,140.0
475,115.47810905000001,6.54887,1.2502,71.0
476,39.63093015,5.993565,1.23156,167.0
477,34.62073109,6.723235,1.12489,72.0
478,43.76498865,7.0597650000000005,1.22061,193.0
479,36.38685248,7.031124999999999,1.31012,125.0
480,31.566130100000002,6.81784,1.28031,561.0
481,30.256475310000003,7.25797,1.28565,402.0
482,52.713039560000006,6.621785,1.10633,200.0
483,39.834021379999996,6.9615849999999995,1.18658,143.0
484,44.55500702,6.45232,1.21823,63.0
485,58.43590522,6.84055,1.24694,140.0
486,55.875074729999994,6.639145,1.12009,129.0
487,36.1495265,6.276339999999999,1.35604,175.0
488,34.55126416000001,6.695315,1.19437,57.0
489,33.98998016,6.329465,1.0741,93.0
490,36.09842896,6.8661449999999995,1.22563,57.0
491,29.25143456,6.404515,1.27228,1809.0
492,31.150196800000007,6.93296,1.1695,2521.0
493,37.823800999999996,7.300725,1.15095,153.0
494,37.334260119999996,6.506195,1.21036,108.0
495,39.456190189999994,6.810295,1.21089,884.0
496,50.25439476,6.523875,1.306,71.0
497,39.2581118,6.71234,1.28071,1148.0
498,46.809580329999996,6.70885,1.26079,97.0
499,34.85661311999999,6.9163,1.37461,145.0
500,41.59545787,6.3393999999999995,1.34661,77.0
501,61.66430276999999,5.892185,1.27598,101.0
502,31.016835009999998,6.575060000000001,1.178,95.0
503,55.894099440000005,6.679565,1.2082,4511.0
504,35.84397187,7.16877,1.23209,67.0
505,37.40342134,6.473365,1.36751,63.0
506,39.25846972,7.254,1.12835,79.0
507,36.16005408,5.978005,1.24506,106.0
508,47.75296393,6.71388,1.20995,83.0
509,40.5301386,6.445295,1.3281,113.0
510,37.12813589,6.4682200000000005,1.22761,5.0
511,30.26707371,6.39046,1.2698,81.0
512,42.17057214999999,6.98972,1.2106,1252.0
513,43.42782842,6.560040000000001,1.2268,71.0
514,34.58996872,6.952344999999999,1.26311,97.0
515,42.31618982,6.968935,1.15156,472.0
516,51.71809444,6.23792,1.26554,207.0
517,35.712552089999996,6.841195000000001,1.28145,156.0
518,46.69782159,7.19381,1.13272,85.0
519,51.34147589,6.7654049999999994,1.39231,79.0
520,51.57990932,5.830375,1.26311,1226.0
521,30.58210294,6.72187,1.29311,156.0
522,30.721891380000002,6.195065,1.33369,97.0
523,30.1277114,6.17848,1.21376,393.0
524,44.22715239,6.635384999999999,1.32605,129.0
525,36.76155171,6.865304999999999,1.16837,131.0
526,92.77361986000001,6.31603,1.41167,794.0
527,47.53738317,6.465335,1.23912,1.0
528,27.59326736,6.8683499999999995,10.038377777777777,166.0
529,35.70707891,6.460575,1.07899,1.0
530,38.04973467000001,7.05716,1.1542,83.0
531,89.89797006,7.18125,1.11229,65.0
532,53.80377737,7.34423,1.27437,281.0
533,55.157108900000004,6.715565,1.23013,72.0
534,44.88864324000001,6.591075,1.14764,154.0
535,27.400012689999997,6.121505,1.32439,240.0
536,79.29695308000001,7.25501,1.17458,52.0
537,34.85259166000001,6.4364349999999995,1.11313,113.0
538,38.35514996,7.1284849999999995,1.15323,144.0
539,32.67445024,6.49078,1.23162,69.0
540,37.76011929999999,6.813345,1.32255,97.0
541,39.78055474,6.93505,1.16995,85.0
542,35.65846652,6.90188,1.28125,71.0
543,30.892576000000002,6.65596,1.30141,248.0
544,48.93456086,6.536145,1.24805,211.0
545,38.776014200000006,6.484540000000001,1.10641,131.0
546,48.00297345999999,6.55373,1.16973,80.0
547,54.25147059,6.339354999999999,1.31053,143.0
548,67.52950589999999,6.255745,1.29204,160.0
549,49.33071520000001,6.5348749999999995,1.34824,629.0
550,37.33145601,6.67383,1.29932,265.0
551,42.806521890000006,6.93853,1.17974,801.0
552,36.82086949,6.441065,1.30785,154.0
553,56.9351872,6.51504,1.44807,130.0
554,51.32717138000001,6.61017,1.16627,62.0
555,45.838512470000005,6.0748999999999995,1.19353,94.0
556,39.443110749999995,6.56764,1.32609,67.0
557,41.442583379999995,6.34077,1.18654,74.0
558,52.15486318,6.97264,1.13513,128.0
559,41.457416759999994,6.58162,1.22533,106.0
560,40.168332150000005,6.518935,1.08214,116.0
561,37.538781539999995,6.430775000000001,1.1054,220.0
562,31.71798748,7.13345,1.24631,110.0
563,40.67734616,6.913,1.18099,552.0
564,34.4791256,6.68479,1.19472,305.0
565,28.744256279999995,6.611985,1.13881,63.0
566,33.42215349,7.435995,16.347065858585857,90.0
567,25.052787350000003,6.26235,9.175219595959595,111.0
568,67.77309284,6.51154,1.16939,99.0
569,28.26019222,6.890095,1.10004,102.0
570,46.751651679999995,6.566305,1.25396,82.0
571,45.71585612,7.07702,1.353,192.0
572,39.51306931,6.615315,1.24184,86.0
573,39.700818319999996,6.319635,1.3393,69.0
574,61.86863742,6.76356,1.3268,366.0
575,41.18238985,6.77417,1.1648,59.0
576,138.79936424,6.537649999999999,1.26689,687.0
577,43.27433766,6.76068,1.08373,119.0
578,59.26667114,6.71297,1.15365,68.0
579,29.826880090000003,7.0684249999999995,1.10957,443.0
580,38.51226174,6.186525,1.35573,55.0
581,29.88873084,6.9379,17.67843878787879,164.0
582,66.60303083999999,7.22606,1.25217,127.0
583,43.581178140000006,6.4626850000000005,1.14339,53.0
584,34.5392665,6.986055,1.29265,72.0
585,35.35148027,6.571245,1.1895,95.0
586,35.21792686999999,6.7036549999999995,1.26166,82.0
587,36.26618673,6.24393,1.15797,414.0
588,38.77521343,6.5874500000000005,1.08616,477.0
589,47.28160363999999,7.015595,1.29973,269.0
590,39.32333388,6.982815,1.17176,889.0
591,36.464975120000005,6.650585,1.11945,809.0
592,33.69674476,6.667,1.28247,133.0
593,54.229334220000005,6.6218,1.15312,475.0
594,41.62681801,6.793465,1.11311,560.0
595,30.240394030000004,7.06981,15.618983636363637,176.0
596,50.890454989999995,6.334115,1.10976,99.0
597,40.11333078999999,6.620205,1.17275,147.0
598,25.20473974,6.389495,12.050135959595961,153.0
599,38.5251943,6.405984999999999,1.11971,63.0
600,27.765686819999996,7.061915,15.948679393939395,181.0
601,69.55443897,6.66344,1.20999,145.0
602,35.009418170000004,6.5977049999999995,1.31647,224.0
603,43.38846618,6.440535000000001,1.33074,88.0
604,57.04171836,6.31883,1.28695,62.0
605,36.67805347,6.570645000000001,1.1188,211.0
606,35.36579818,6.18949,1.27804,316.0
607,33.319995860000006,6.975485,1.21983,62.0
608,34.59282411,6.35754,1.20781,652.0
609,45.96527984,7.169675,1.24187,699.0
610,33.74934641,6.112310000000001,1.1526,130.0
611,34.12688158,6.72743,1.22682,77.0
612,51.06450295000001,6.422725,1.23478,61.0
613,35.59410336,6.533585,1.2206,93.0
614,45.0900061,6.49873,1.25641,119.0
615,41.00445487,6.85412,1.27776,86.0
616,65.39492633,6.549175,1.18479,113.0
617,45.64486474,6.327945,1.30775,126.0
618,41.71817474,6.898540000000001,1.15471,132.0
619,50.08727434,7.261705,1.14856,1.0
620,58.78286602,6.80776,1.27377,417.0
621,43.969960730000004,6.0033650000000005,1.16976,112.0
622,46.000474059999995,6.76307,1.22889,221.0
623,59.71022549,7.2666,1.21119,238.0
624,45.47167866,6.82498,1.24861,122.0
625,46.08099746,6.9190249999999995,1.20495,197.0
626,53.42117140999999,6.46189,1.17253,146.0
627,73.24626389000001,6.45673,1.34496,87.0
628,34.02095036,6.853020000000001,1.10529,1851.0
629,45.08097244,7.14831,1.26255,164.0
630,50.20709273000001,7.01582,1.18966,154.0
631,32.93779034,7.074745,1.1916,3.0
632,41.831813589999996,6.95493,1.14205,578.0
633,52.33732398,6.5907,1.21868,429.0
634,32.73983118,6.427055,1.20669,74.0
635,48.312466990000004,7.189814999999999,1.24315,789.0
636,42.06273161,6.8769,1.34585,61.0
637,42.79623234,7.23926,1.20866,87.0
638,59.462256780000004,6.60938,1.1629,61.0
639,111.94081558999999,6.61276,1.23517,120.0
640,42.66545549999999,7.1818550000000005,1.26069,80.0
641,32.48580078,6.795695,1.32161,1.0
642,42.19133468,6.777235,1.21274,51.0
643,55.476662929999996,6.86141,1.36294,128.0
644,41.464509019999994,6.5846,1.26248,101.0
645,33.48991929,7.235455,1.21675,7.0
646,77.75806652,6.114509999999999,1.18044,62.0
647,58.735698019999994,6.720179999999999,1.17879,106.0
648,35.28721210999999,6.293575000000001,1.11024,113.0
649,33.339274319999994,6.33315,1.16081,136.0
650,48.77036498,7.44561,1.11639,60.0
651,33.06108168,6.60253,1.32185,68.0
652,35.05220946,6.629144999999999,1.23136,710.0
653,42.94851991999999,6.4353,1.22484,134.0
654,32.23442714,6.889,1.2443,104.0
655,79.16296773,6.703175,1.23069,112.0
656,79.82000742,6.71461,1.21343,154.0
657,41.583085749999995,6.9291599999999995,1.1694,56.0
658,97.11281402000002,6.601625,1.20741,67.0
659,40.60780915,6.832405,1.15036,89.0
660,38.43046456,6.42685,1.21691,92.0
661,36.156377989999996,6.54116,1.21558,232.0
662,38.29824206000001,6.874025,1.23229,650.0
663,32.617690249999995,6.59471,1.10457,95.0
664,48.036865060000004,6.82186,1.16403,237.0
665,38.05392092,6.70873,1.20219,92.0
666,34.49276725000001,7.383905,1.19027,248.0
667,39.020470759999995,6.62507,1.26848,138.0
668,86.94257687,6.880705,1.23108,85.0
669,58.037139200000006,6.45595,1.1231,545.0
670,61.72399957,6.377865,1.1862,332.0
671,44.86177379,6.990690000000001,1.21958,87.0
672,36.46306169,6.226925,1.31242,1.0
673,63.48019413,6.615515,1.18729,57.0
674,39.233238539999995,6.498215,1.19707,313.0
675,39.799122239999996,6.20199,1.21392,336.0
676,44.32755662,6.833325,1.35122,190.0
677,28.324325230000003,6.76005,9.171265252525252,92.0
678,49.67995467000001,6.688105,1.37628,821.0
679,31.44551521,6.672275,1.27605,103.0
680,46.93748315,6.6233,1.14883,126.0
681,32.88249782,7.025225,13.469604848484849,57.0
682,37.736555890000005,6.699845,1.39148,57.0
683,47.670105500000005,7.2540700000000005,1.17993,133.0
684,30.17591526,6.59245,1.15732,180.0
685,66.02514296,6.350705,1.39185,3191.0
686,30.924302400000002,6.660415,16.28400383838384,3.0
687,35.81918376,7.064255,1.1542,303.0
688,45.871374429999996,6.99394,1.23832,1.0
689,34.36656258000001,6.47661,1.23712,302.0
690,39.911968,6.561835,1.34756,94.0
691,54.558356929999995,6.186035,1.30473,126.0
692,36.44023757,6.8494,1.23817,1047.0
693,49.35358511,7.012174999999999,1.25407,535.0
694,34.41883688,6.523070000000001,1.35674,1124.0
695,38.907836,7.44874,1.17484,83.0
696,33.91590762,6.2865400000000005,1.18521,1.0
697,51.454220930000005,6.965335,1.17392,87.0
698,41.86055487000001,6.033085,1.31413,203.0
699,36.53608612000001,6.951325000000001,1.31136,65.0
700,38.73358017,6.749055,1.2069,230.0
701,32.01861927,6.665955,1.29625,190.0
702,58.35288117000001,6.175345,1.18112,469.0
703,40.107323990000005,6.75739,1.18061,70.0
704,38.88201687,6.866955,1.19062,91.0
705,34.08754307,7.104345,1.19315,54.0
706,56.47207652,6.560395,1.29038,162.0
707,51.936074500000004,6.725429999999999,1.10969,733.0
708,37.355387490000005,6.65108,1.27254,70.0
709,47.30667847,6.506880000000001,1.33814,67.0
710,58.998784119999996,6.5507,1.26975,76.0
711,37.86352996,6.62287,1.29175,53.0
712,45.02854026,6.9489149999999995,1.23083,75.0
713,29.719627819999996,6.4978750000000005,1.26497,317.0
714,107.11112051,6.49439,1.12198,343.0
715,29.221090690000004,6.45012,1.29527,275.0
716,47.703482169999994,6.866945,1.28061,142.0
717,54.27838738,7.61275,1.21341,167.0
718,46.75943655,6.5374300000000005,1.20356,71.0
719,40.45748046,6.60794,1.15611,90.0
720,44.60588414000001,6.43961,1.15442,77.0
721,45.537844150000005,6.552495,1.24425,130.0
722,37.30422949,6.26613,1.30836,85.0
723,40.5829037,7.1704,1.10277,461.0
724,39.82389771999999,6.84621,1.22571,104.0
725,41.39149855,6.75903,1.20323,199.0
726,33.72953324,6.15207,1.21087,220.0
727,48.02498018,6.947475,1.30014,165.0
728,44.4597059,5.988580000000001,1.24676,117.0
729,36.37598199,6.3203499999999995,1.27929,93.0
730,27.727630629999997,6.74294,15.380586464646465,116.0
731,37.17533522000001,6.694915,1.27222,648.0
732,52.98138869000001,6.09593,1.22346,150.0
733,43.7153868,7.30217,1.24436,145.0
734,29.147248509999997,6.61595,12.73956101010101,147.0
735,41.912874790000004,7.03786,1.14673,89.0
736,38.0202567,7.250624999999999,1.19502,170.0
737,41.97428366,6.940325,1.20183,199.0
738,61.244007139999994,6.38855,1.16106,197.0
739,29.770245840000005,6.78266,1.26439,166.0
740,42.89887854999999,6.80999,1.2099,83.0
741,35.61038567000001,6.58359,1.16332,167.0
742,33.004936029999996,6.266585,1.24906,57.0
743,45.705574469999995,6.56112,1.19532,120.0
744,39.804001660000004,6.16907,1.21248,98.0
745,39.08601446,6.539915000000001,1.30451,651.0
746,44.98526732,6.787845,1.26869,126.0
747,53.42523931,6.54371,1.36093,526.0
748,45.93636639,6.545965000000001,1.27619,115.0
749,39.565649789999995,6.5746400000000005,1.30346,1990.0
750,33.9326269,6.879630000000001,1.29475,53.0
751,39.53580392999999,6.6598,1.2894,66.0
752,31.150608130000002,6.242035,1.37206,307.0
753,50.59512333,6.7801100000000005,1.35778,664.0
754,43.67655308,6.036335,1.20595,95.0
755,41.90364182,6.339475,1.05796,276.0
756,32.22219388,6.53984,1.15248,96.0
757,40.616442230000004,6.853255000000001,1.13231,120.0
758,36.811021200000006,6.667350000000001,1.11712,127.0
759,39.260796299999996,7.1063849999999995,1.26295,168.0
760,39.289748030000005,6.68291,1.22176,284.0
761,55.35927571,6.585675,1.22193,848.0
762,38.734287349999995,6.47623,1.10912,196.0
763,56.00945938,6.665305,1.2837,73.0
764,45.297936549999996,6.936895,1.15906,218.0
765,45.73701895,6.77788,1.27664,721.0
766,53.70921576999999,6.919855,1.2729,115.0
767,30.48695231,7.0891649999999995,1.1508,141.0
768,44.62700825,6.604055000000001,1.24756,125.0
769,44.63317832,6.4716249999999995,1.16494,58.0
770,81.63619379999997,6.517805,1.32944,298.0
771,331.46780657,6.815340000000001,1.26401,101.0
772,38.078484749999994,6.58265,1.2271,83.0
773,38.3944403,6.06736,1.15512,300.0
774,78.88060852000001,6.5688200000000005,1.29648,103.0
775,35.68640027,6.821244999999999,1.29032,109.0
776,48.53468825000001,6.949225,1.24443,57.0
777,55.037325880000004,6.2577,1.30549,102.0
778,35.78772922,6.741275,1.36974,122.0
779,153.02022005000006,7.113625000000001,1.2546,163.0
780,49.21938317000001,6.676135,1.25778,11.0
781,43.44214101,6.235215,1.13167,244.0
782,35.028037340000004,7.38083,1.19385,1.0
783,66.01611608,6.36894,1.34228,142.0
784,42.843791519999996,7.25034,1.2334,100.0
785,64.26052899000001,6.48583,1.1869,73.0
786,42.430515060000005,6.484640000000001,1.20083,141.0
787,44.91129479,6.646815,1.23482,95.0
788,56.31015931,6.95914,1.19543,165.0
789,45.58222301,6.612055,1.18755,109.0
790,81.98303626,6.65967,1.22964,146.0
791,40.76366943,6.58455,1.22439,148.0
792,40.33550039,6.663845,1.16518,1.0
793,65.84787104,6.762485,1.10135,343.0
794,47.36946758,6.84928,1.20036,107.0
795,34.73004026,6.298985,1.5374,79.0
796,54.53305515,6.980155,1.25775,157.0
797,31.67623152,6.56689,1.22512,508.0
798,30.428911440000004,6.38153,1.26578,124.0
799,36.28175238,6.367925,1.14182,121.0
800,30.82334986,6.300610000000001,1.29911,165.0
801,35.41781260999999,6.2319949999999995,1.30914,1.0
802,47.742399080000006,6.54055,1.19917,717.0
803,47.88690261,7.36374,1.19056,98.0
804,41.854924700000005,6.78257,1.20349,3450.0
805,49.001248489999995,6.479425,1.15223,66.0
806,47.808315480000005,6.8559149999999995,1.22391,1.0
807,49.849951739999995,6.75079,1.24181,64.0
808,50.16361517,6.44569,1.24852,742.0
809,39.04491969,6.6717949999999995,1.32096,166.0
810,38.35284562000001,6.82427,1.13193,362.0
811,30.52167134,6.4765999999999995,1.42315,105.0
812,36.89559428,7.361595,1.2274,85.0
813,41.990474410000004,6.809635,1.22911,108.0
814,45.196187,6.951885000000001,1.20991,127.0
815,37.912679749999995,6.34104,1.17113,51.0
816,67.84647402,6.73414,1.29391,170.0
817,32.39018211,6.768485,1.15918,90.0
818,42.47847336,6.719155,1.26042,107.0
819,39.198779200000004,6.799185,1.17649,183.0
820,30.610102590000004,6.45056,1.19959,214.0
821,55.72601733999999,6.84265,1.22825,190.0
822,34.821851460000005,6.5127749999999995,1.28638,177.0
823,75.70997585,7.41789,1.18452,97.0
824,77.4435242,6.498655,1.318,93.0
825,70.81398482,6.442715,1.20605,306.0
826,104.69508428,6.943,1.36075,82.0
827,47.509902249999996,6.547945,1.18201,54.0
828,47.74294117,6.105575,1.34124,66.0
829,36.07385985,6.953215,1.2232,14.0
830,33.50576848,6.737585,1.21433,91.0
831,56.19350531,7.015599999999999,1.25359,266.0
832,36.264683950000006,7.085455,1.2271,112.0
833,29.200532329999998,7.19126,14.531192525252525,64.0
834,40.10898306,6.49398,1.20258,140.0
835,56.69502721,6.74206,1.4037,70.0
836,54.67549487,6.664875,1.36954,288.0
837,37.747101949999994,6.508205,1.18233,486.0
838,44.150733869999996,6.50502,1.23405,183.0
839,36.77069679,6.988375,1.39419,154.0
840,278.18515558,6.644385,1.28332,139.0
841,43.097653650000005,6.36065,1.19409,143.0
842,33.790380739999996,6.95594,1.14633,184.0
843,54.86919605,7.3272200000000005,1.19135,185.0
844,30.95384982,6.462055,1.12557,124.0
845,32.79319926,6.18755,1.16549,185.0
846,38.2020244,6.625165,1.17987,1.0
847,34.10040976,6.8108,1.25644,2.0
848,40.58229943,6.347035,1.1983,256.0
849,43.54974394,6.83726,1.28466,484.0
850,32.05252558,6.452675,1.21073,63.0
851,31.371354339999996,6.301585,1.24623,66.0
852,43.64603516,6.6637249999999995,1.28416,1509.0
853,27.03175857,6.180075,1.26147,358.0
854,55.04363174000001,7.129575,1.21634,116.0
855,114.19650767999998,6.9125,1.393,632.0
856,47.23124068,6.455685,1.14834,320.0
857,81.12992898,6.50762,1.34363,443.0
858,33.43764026,6.810045000000001,1.23709,197.0
859,36.09897736,6.6211400000000005,1.19479,167.0
860,45.121533070000005,6.54603,1.25092,80.0
861,44.273513439999995,7.205165,1.24202,349.0
862,43.119912209999995,6.654120000000001,1.28536,103.0
863,41.35687965,7.206345000000001,1.25785,150.0
864,30.073278310000003,6.59214,1.35158,160.0
865,44.899050779999996,6.487769999999999,1.25988,2.0
866,41.321576330000006,6.61646,1.31337,723.0
867,49.19024259,6.785864999999999,1.33239,127.0
868,46.27377846,6.924755,1.14048,1.0
869,35.01102753000001,6.52287,1.25703,109.0
870,30.28241341,6.80814,15.608676161616163,71.0
871,37.22050922,6.97153,1.22027,320.0
872,46.562389710000005,6.463335000000001,1.09525,83.0
873,212.90584410000005,7.158965,1.19132,488.0
874,29.79375555,6.75531,13.762034343434344,369.0
875,46.966170670000004,6.705795,1.25254,61.0
876,57.236435150000005,6.51754,1.26474,139.0
877,73.31448904,7.21445,1.40791,82.0
878,43.92642385999999,6.60911,1.16949,392.0
879,36.508333449999995,6.685565,1.26243,100.0
880,38.68739126,6.96031,1.3399,74.0
881,50.363042809999996,7.115125,1.12673,357.0
882,38.20960539,6.305705,1.10241,285.0
883,34.5013513,6.702865,1.15666,173.0
884,53.30564211,6.46203,1.23791,121.0
885,32.168077260000004,7.27028,14.815545656565657,1.0
886,29.876660400000002,6.7903400000000005,1.26053,162.0
887,35.87216749,6.1342,1.27561,417.0
888,60.32493481000001,6.64296,1.34751,649.0
889,114.68002334000002,6.599435,1.24324,136.0
890,41.888288849999995,6.227164999999999,1.33496,148.0
891,37.598853739999996,6.96669,1.15236,69.0
892,38.8150404,6.86034,1.13918,128.0
893,55.11224808000001,6.700725,1.16079,399.0
894,43.90346069,6.785935,1.25951,200.0
895,36.04006403,6.86651,1.32218,78.0
896,47.27674215,7.024979999999999,1.22856,190.0
897,60.561640579999995,7.268415,1.23701,115.0
898,47.19251301,7.4328,1.26676,219.0
899,36.12820178,6.795335,1.13033,124.0
900,27.95635235,6.4223300000000005,1.33385,340.0
901,42.09840837,6.7018249999999995,1.17645,302.0
902,42.199183049999995,7.066739999999999,1.20835,427.0
903,36.12840728,6.973795000000001,1.34974,89.0
904,29.969881500000003,6.6449549999999995,1.18374,1351.0
905,34.0298699,6.683295,1.3641,381.0
906,47.397250369999995,6.8298950000000005,1.33548,236.0
907,42.92345750999999,7.328860000000001,1.21116,187.0
908,35.90048693,6.2631,1.19017,84.0
909,36.816372480000005,6.624029999999999,1.16301,81.0
910,486.63375121000007,7.21013,1.21803,118.0
911,41.277959440000004,7.042035,1.21721,82.0
912,47.84386272999999,6.518174999999999,1.15549,1012.0
913,45.02888845,6.73187,1.32959,256.0
914,47.54930396,7.220445,1.33078,128.0
915,46.06086397000001,6.676105,1.21717,118.0
916,35.90748398,7.189959999999999,15.723233131313133,145.0
917,39.02858686,6.675345,1.27653,99.0
918,42.610396959999996,6.6903950000000005,1.20643,5224.0
919,48.38157085,6.758635,1.26503,214.0
920,38.95551927,7.08068,1.28709,114.0
921,40.74258898,6.85857,1.21444,118.0
922,47.02903732,6.607175,1.30264,1.0
923,37.306600790000005,6.33741,1.23979,123.0
924,33.50210476,6.63308,1.3826,115.0
925,54.58671270000001,7.187709999999999,1.16595,59.0
926,87.84308923000002,6.754015,1.35054,73.0
927,134.35593079,6.93139,1.25386,122.0
928,31.94120035,6.421155,1.15337,256.0
929,50.14532202,6.554285,1.22174,53.0
930,44.5817212,6.71871,1.17488,100.0
931,51.11415023,6.7340599999999995,1.28564,607.0
932,35.22909551,6.43624,1.22297,1.0
933,35.94118509,6.319570000000001,1.24462,102.0
934,39.150359540000004,6.413729999999999,1.29757,784.0
935,28.594378969999998,6.58561,1.14301,385.0
936,63.93457090999999,6.0676,1.20835,117.0
937,68.24105271,6.590595,1.30113,139.0
938,48.32993522000001,6.7025749999999995,1.16997,97.0
939,45.47641559,6.0366,1.16435,147.0
940,35.89451218,6.7942149999999994,1.22162,61.0
941,38.82073445,6.65379,1.17023,374.0
942,34.176617549999996,6.2545649999999995,1.11026,66.0
943,40.60824637,6.7326,1.25448,81.0
944,36.42427339,6.378455,1.33333,95.0
945,86.46170663999999,6.7296949999999995,1.21682,173.0
946,52.60983013,6.217079999999999,1.17132,96.0
947,32.48713082,6.775955,1.22195,166.0
948,33.78162724,6.53335,1.16467,62.0
949,208.59819935,6.994415,1.20751,143.0
950,40.852230920000004,6.702025,1.21839,329.0
951,48.3086051,6.297235,1.21156,276.0
952,31.351927489999998,6.721845,16.959673737373738,155.0
953,68.26864757,7.43348,1.28076,191.0
954,42.67128995000001,6.6678,1.22283,314.0
955,63.61898196000001,6.30092,1.35884,123.0
956,29.358021589999996,6.175925,1.22167,188.0
957,33.07630563,5.74423,1.24066,93.0
958,32.42705039,7.13105,1.20612,723.0
959,46.28121722,6.517635,1.20476,102.0
960,59.31965595,6.53761,1.37764,481.0
961,33.48837300000001,6.221439999999999,1.26895,104.0
962,44.642859,7.03213,1.08639,72.0
963,32.90661117,7.154434999999999,1.17293,569.0
964,32.660093090000004,6.355,1.23712,1.0
965,56.80248506,6.149905,1.36487,3626.0
966,38.140561350000006,6.283745,1.32089,103.0
967,46.40236498,6.69896,1.25058,76.0
968,32.794249459999996,6.42769,1.2057,449.0
969,54.022030380000004,6.55528,1.21216,129.0
970,37.198714120000005,6.991820000000001,1.12317,60.0
971,39.54813568000001,6.89492,1.2486,783.0
972,32.162462119999994,6.54667,1.20878,305.0
973,39.544150470000005,6.66742,1.16945,168.0
974,41.610013380000005,7.431905,1.11017,299.0
975,48.56140915,7.214385,1.39133,1450.0
976,54.193109889999995,6.26921,1.21169,214.0
977,37.62535069,6.691545,1.10791,393.0
978,46.65309717,6.80234,1.31987,72.0
979,59.27674459,6.790295,1.2555,702.0
980,34.62998633,6.9822,1.20336,197.0
981,62.69178787,6.551349999999999,1.18026,153.0
982,43.395385909999995,6.8563,1.12093,94.0
983,35.035846140000004,6.359805,1.29426,180.0
984,35.325813710000006,6.34196,1.2952,57.0
985,70.40245473,6.133545,1.20861,191.0
986,34.60419271,6.402245000000001,1.14791,125.0
987,32.34587778,6.558085,1.23101,654.0
988,40.76106568,6.602425,1.16354,282.0
989,65.87710322,6.440939999999999,1.28188,126.0
990,36.03842350000001,6.30882,1.29896,89.0
991,29.58267234,6.789565,1.34885,231.0
992,40.191672059999995,6.377215,1.15183,140.0
993,37.22338781,7.333055,1.28449,63.0
994,94.89423062,6.617275,1.15389,544.0
995,43.776113560000006,6.62683,1.2355,65.0
996,49.83836046,6.46804,1.2553,9.0
997,43.90663866,6.230460000000001,1.05861,93.0
998,40.3157748,6.727304999999999,1.25991,202.0
999,49.08142577,6.86318,1.24451,800.0
1000,34.09990783,6.74027,1.15615,156.0
1001,36.23018431,6.388154999999999,1.17707,147.0
1002,38.407195949999995,7.0285899999999994,1.21863,165.0
1003,113.88742217999999,6.883625,1.11611,55.0
1004,45.38598514,7.014075,1.12736,8525.0
1005,63.212887650000006,6.758175,1.24883,169.0
1006,31.450411369999998,6.45701,1.2689,1153.0
1007,38.12388202,6.8395150000000005,1.25221,70.0
1008,38.62938712,6.75121,1.18329,313.0
1009,48.950766879999996,6.54865,1.26495,1.0
1010,48.92970321,6.253335,1.22338,1052.0
1011,38.18789062999999,6.89226,1.21771,337.0
1012,49.728723470000006,6.897320000000001,1.30368,1.0
1013,42.99228342,6.583515,1.29799,671.0
1014,35.71677415,6.636095,1.23973,109.0
1015,38.390307650000004,7.173105,1.30677,253.0
1016,35.499523440000004,6.447375,1.2105,221.0
1017,34.74671926,7.137845,1.24021,1395.0
1018,73.81657979,6.996309999999999,1.25223,509.0
1019,34.52525026,6.351455,1.28658,1017.0
1020,79.81811198000001,6.99702,1.29102,177.0
1021,47.810186009999995,7.0015,1.27737,278.0
1022,32.81260802,6.402315,1.33326,434.0
1023,48.3122732,6.727555,1.13105,156.0
1024,36.72148104,6.61938,1.26604,61.0
1025,33.90032094000001,6.8483350000000005,1.18927,166.0
1026,33.5374476,6.86614,15.257148484848486,752.0
1027,32.20917277,6.58531,1.32708,90.0
1028,49.2341049,6.84108,1.3963,123.0
1029,60.538503920000004,6.9949200000000005,1.17451,257.0
1030,38.2874396,6.45902,1.30195,118.0
1031,49.355236170000005,6.75286,1.19157,301.0
1032,36.862907650000004,6.411545,1.31435,130.0
1033,39.73123265,7.159715,1.26959,119.0
1034,46.203026789999996,6.81591,1.13376,131.0
1035,32.71237221,6.2761,1.13088,617.0
1036,34.664149210000005,6.33991,1.16368,241.0
1037,65.89273758,6.707215,1.25876,167.0
1038,45.14207786000001,6.57574,1.25792,1118.0
1039,45.47073938,6.8391,1.15961,187.0
1040,36.18588978,6.447495,1.30199,173.0
1041,59.31417706,6.32718,1.16379,176.0
1042,47.72432462,6.713755,1.24008,100.0
1043,34.70416229999999,6.902825,1.20944,1452.0
1044,51.61430572999999,6.7201699999999995,1.2522,100.0
