headline,class,example,hl_pred,pop_pred,hl_%diff,pop_%diff,av_%diff
"""'She was just 13': Albanese's emotional tribute to Bali bombing victims""",original,1,-1.3099336308005038,2.0693152783284035,0.0,0.0,0.0
"""Emotional Tribute: Albanese Honors Bali Bombing Victims, Including the Heartbreaking Story of a 13-Year-Old""",variant,1,-1.447022173781903,2.185927066475279,-0.1281069772934422,0.12368311789978742,-0.002211929696827389
"""Remembering Bali Bombing Victims: Albanese's Tearful Homage to Those Lost, Especially a 13-Year-Old""",variant,1,-1.4444773459571372,2.2135479354805856,-0.12588533401820193,0.15515283183169087,0.014633748906744473
"""A 13-Year-Old's Tragic Fate: Albanese's Moving Tribute to Bali Bombing Victims""",variant,1,-1.4314201121945818,2.2036753581273087,-0.11439697461375173,0.14380460643481727,0.01470381591053277
"""Albanese's Heartfelt Tribute: Bali Bombing Victims, With a Special Mention of a 13-Year-Old""",variant,1,-1.4121109151800508,2.154646893464591,-0.09713052717474482,0.08907816162570405,-0.0040261827745203885
"""Emotion-Filled Homage: Albanese Pays Respects to Bali Bombing Victims, Including a 13-Year-Old""",variant,1,-1.4760365261704034,2.1528228573217887,-0.1530409184623101,0.08709345433575505,-0.03297373206327753
"""Albanese's Touching Tribute to Bali Bombing Victims, Especially the Youngest Among Them""",variant,1,-1.4662090644427879,2.1185920402989247,-0.14467642696301505,0.050511052019454244,-0.047082687471780404
"""Remembering the Tragedy: Albanese's Heartfelt Tribute to Bali Bombing Victims, Featuring a 13-Year-Old""",variant,1,-1.4286464297649908,2.158745319545901,-0.11193718329966655,0.09355082715177096,-0.009193178073947796
"""A 13-Year-Old's Story: Albanese's Emotional Tribute to Bali Bombing Victims""",variant,1,-1.3605200674632576,2.1691054675406107,-0.0493282477727874,0.10493906561810447,0.027805408922658533
"""Honoring Bali Bombing Victims: Albanese's Heartwarming Tribute, With a Focus on a 13-Year-Old""",variant,1,-1.3925782458057938,2.171214056356704,-0.0793217156659213,0.10727138586236963,0.013974835098224163
"""Tribute to Innocence Lost: Albanese Remembers Bali Bombing Victims, Particularly a 13-Year-Old""",variant,1,-1.4674880157860775,2.235379951675889,-0.14576964496036862,0.18064945580672645,0.017439905423178914
"""A Painful Reminder: Albanese's Tribute to Bali Bombing Victims, With Special Mention of a 13-Year-Old""",variant,1,-1.4745590715732717,2.1770165442686578,-0.151788650016619,0.113714991085734,-0.019036829465442502
"""Bali Bombing Victims Remembered: Albanese's Poignant Tribute, Featuring a 13-Year-Old""",variant,1,-1.3672890273613658,2.2139451170640543,-0.05574157646991915,0.15561172838918413,0.049935075959632494
"""Albanese's Emotional Homage: Bali Bombing Victims and the Heartrending Story of a 13-Year-Old""",variant,1,-1.3719419484086235,2.1557876284229747,-0.06012493075393007,0.09032122002237011,0.015098144634220021
"""A 13-Year-Old's Unforgettable Tragedy: Albanese's Touching Tribute to Bali Bombing Victims""",variant,1,-1.3981834559406792,2.1573936283506665,-0.08446787479093944,0.09207368267366486,0.0038029039413627133
"""In Loving Memory: Albanese's Tribute to Bali Bombing Victims, With a Heartfelt Mention of a 13-Year-Old""",variant,1,-1.3852269514175524,2.229108021046067,-0.07252860005709552,0.1732676775205758,0.050369538731740146
"""Albanese Pays Respects to Bali Bombing Victims, Especially the Young Soul Aged 13""",variant,1,-1.3698387036307405,2.1995415863994805,-0.058146063130661285,0.13908613854428295,0.04047003770681083
"""Remembering Bali's Dark Day: Albanese's Heartwrenching Tribute, With a Focus on a 13-Year-Old Victim""",variant,1,-1.3835732416176252,2.209629189184853,-0.07099356261045278,0.1506349389705137,0.039820688180030456
"""Honoring the Lost: Albanese's Emotional Tribute to Bali Bombing Victims, Including a 13-Year-Old""",variant,1,-1.420839757876051,2.212992659089494,-0.10497723661012089,0.1545115807883312,0.02476717208910515
"""A 13-Year-Old's Tragic Tale: Albanese's Heartfelt Tribute to Bali Bombing Victims""",variant,1,-1.3775376367381658,2.1704066991224464,-0.06536949156160411,0.1063777830755839,0.020504145756989896
"""Tears for Bali Bombing Victims: Albanese's Tribute Sheds Light on a 13-Year-Old's Fate""",variant,1,-1.4442434199792902,2.120478267077988,-0.1256808319719738,0.05249442405415263,-0.03659320395891058
"""Albanese's Heartfelt Homage: Bali Bombing Victims and the Unforgettable Story of a 13-Year-Old""",variant,1,-1.4724928891643565,2.07621881986015,-0.1500342788449479,0.006927425905207384,-0.07155342646987026
"""In Memoriam: Albanese's Tribute to Bali Bombing Victims, With Special Emphasis on a 13-Year-Old""",variant,1,-1.3865940054483512,2.1908614791815086,-0.07379563732131476,0.1292415366423373,0.027722949660511274
"""Remembering the Fallen: Albanese's Touching Tribute to Bali Bombing Victims, Featuring a 13-Year-Old""",variant,1,-1.4177852926674281,2.2096910088003408,-0.1022392412914356,0.1507060729787233,0.024233415843643843
"""A 13-Year-Old's Legacy: Albanese Pays Respects to Bali Bombing Victims""",variant,1,-1.3922403662789433,2.073715521145282,-0.07901058476340787,0.0044099381006204525,-0.03730032333139371
"""Albanese's Emotional Tribute: Bali Bombing Victims, With a Special Spotlight on a 13-Year-Old""",variant,1,-1.3950014480377286,2.2068620201031384,-0.08155000445187487,0.14745533881758055,0.03295266718285284
"""Honoring Lives Lost: Albanese's Heartfelt Tribute to Bali Bombing Victims, Especially a 13-Year-Old""",variant,1,-1.4026929291278707,2.2156066806172263,-0.08858714750608426,0.1575334468052113,0.03447314964956352
"""A 13-Year-Old's Grief: Albanese's Moving Tribute to Bali Bombing Victims""",variant,1,-1.4288990761502967,2.205031208338813,-0.1121615208200054,0.1453564859727322,0.016597482576363405
"""Bali Bombing Victims Remembered: Albanese's Poignant Tribute, With Special Mention of a 13-Year-Old""",variant,1,-1.3933318057359596,2.1955134193824803,-0.0800152405904541,0.13450693841482927,0.027245848912187585
"""Albanese's Heartfelt Homage: Bali Bombing Victims and the Heartrending Story of a 13-Year-Old""",variant,1,-1.3849102651137708,2.146832923477403,-0.07223483605452163,0.08060129966127899,0.004183231803378679
"""A 13-Year-Old's Painful Remembrance: Albanese Pays Tribute to Bali Bombing Victims""",variant,1,-1.4202730733888018,2.162167359033339,-0.10446989735730768,0.09729941150754465,-0.003585242924881514
"""In Loving Memory: Albanese's Tribute to Bali Bombing Victims, Including the Story of a 13-Year-Old""",variant,1,-1.3347363726155628,2.1693203167432356,-0.024497681132377488,0.10517648639922093,0.04033940263342172
"""Albanese Pays Respects to Bali Bombing Victims, Especially the Young Soul Aged 13""",variant,1,-1.4358415029020535,2.171521439322625,-0.11830392815201728,0.10761179454026981,-0.005346066805873732
"""Remembering Bali's Darkest Hour: Albanese's Heartwrenching Tribute, With a Focus on a 13-Year-Old Victim""",variant,1,-1.3746648698913726,2.1922325923907824,-0.06268065567286156,0.1307909165746038,0.034055130450871114
"""Honoring the Fallen: Albanese's Emotional Tribute to Bali Bombing Victims, Including a 13-Year-Old""",variant,1,-1.4758797469363238,2.158792096547249,-0.15290812245665394,0.09360198137669799,-0.029653070539977976
"""A 13-Year-Old's Heartbreaking Tale: Albanese's Heartfelt Tribute to Bali Bombing Victims""",variant,1,-1.3291514166464673,2.160360499716016,-0.019034301467331365,0.0953185359626072,0.03814211724763791
"""Tears for Bali Bombing Victims: Albanese's Tribute Sheds Light on a 13-Year-Old's Fate""",variant,1,-1.4114350459345038,2.113150581486644,-0.09652009920380968,0.04481026376672019,-0.025854917718544743
"""Albanese's Heartfelt Tribute: Bali Bombing Victims and the Unforgettable Story of a 13-Year-Old""",variant,1,-1.3878256368028186,2.1404293185665697,-0.07493567745633443,0.07370366430836783,-0.0006160065739833007
"""In Memoriam: Albanese's Tribute to Bali Bombing Victims, With Special Emphasis on a 13-Year-Old""",variant,1,-1.4467117087651051,2.1728157412502322,-0.12783624298691093,0.10904630676669345,-0.009394968110108738
"""Remembering the Heroes: Albanese's Touching Tribute to Bali Bombing Victims, Featuring a 13-Year-Old""",variant,1,-1.4261062737323538,2.134766330952846,-0.10967849768601468,0.0676404778350972,-0.021019009925458736
"""A 13-Year-Old's Impact: Albanese Pays Respects to Bali Bombing Victims""",variant,1,-1.4161336065705177,2.137845774870215,-0.10075519707770843,0.07093328421465897,-0.014910956431524729
"""Albanese's Emotional Homage: Bali Bombing Victims, With a Special Spotlight on a 13-Year-Old""",variant,1,-1.3775593711145138,2.1965170436787194,-0.06538980495207071,0.1356461287063795,0.03512816187715439
"""Honoring Lives Lost: Albanese's Heartfelt Tribute to Bali Bombing Victims, Especially a 13-Year-Old""",variant,1,-1.4160951559785375,2.1878302147833986,-0.10072061991794905,0.1258236897912766,0.01255153493666377
"""A 13-Year-Old's Legacy Remembered: Albanese Pays Tribute to Bali Bombing Victims""",variant,1,-1.4054908914226991,2.092541005647889,-0.09113368208719898,0.02349754483142957,-0.0338180686278847
"""Bali Bombing Victims Never Forgotten: Albanese's Poignant Tribute, With Special Mention of a 13-Year-Old""",variant,1,-1.381302887501393,2.2049939506545333,-0.06888199292286185,0.1453138134373352,0.03821591025723668
"""Albanese's Heartfelt Homage: Bali Bombing Victims and the Heartrending Story of a 13-Year-Old""",variant,1,-1.4541424039306525,2.078001547724713,-0.13429300716724082,0.008724104503623849,-0.06278445133180849
"""A 13-Year-Old's Memory Preserved: Albanese's Moving Tribute to Bali Bombing Victims""",variant,1,-1.423222509075792,2.1151658499691544,-0.10710731444283435,0.04691796003508954,-0.030094677203872405
"""In Loving Memory: Albanese's Tribute to Bali Bombing Victims, Including the Story of a 13-Year-Old""",variant,1,-1.3730914272063264,2.1937033783823687,-0.061204676527192095,0.13245529168387957,0.035625307578343736
"""Albanese Pays Respects to Bali Bombing Victims, Especially the Young Soul Aged 13""",variant,1,-1.4344282483216275,2.1572222166166166,-0.117056986224281,0.09188650447273566,-0.012585240875772667
"""Remembering Bali's Darkest Day: Albanese's Heartwrenching Tribute, With a Focus on a 13-Year-Old Victim""",variant,1,-1.3447347554896152,2.1676536253787795,-0.03420252956829571,0.10333603245353219,0.03456675144261824
"""Honoring the Brave: Albanese's Emotional Tribute to Bali Bombing Victims, Including a 13-Year-Old""",variant,1,-1.4786768533370709,2.1666097575356504,-0.15527421791631835,0.10218489637058722,-0.02654466077286556
"""Foreign policy and the Albanese government's first 100 days""",original,2,-1.3847685367604663,2.1843377402544166,0.0,0.0,0.0
"""Navigating the World: Albanese Government's Inaugural 100 Days of Foreign Policy""",variant,2,-1.4335661237884674,2.160994469468876,-0.04762611698192354,-0.023072924316014508,-0.03534952064896903
"""The Albanese Administration's Global Debut: Assessing the First 100 Days of Foreign Policy""",variant,2,-1.3739953482773894,2.181632964645827,0.010831428232827532,-0.002701120998752375,0.004065153617037578
"""Foreign Policy Frontiers: A Deep Dive into Albanese Government's Initial 100 Days""",variant,2,-1.3981597113841921,2.137667339623369,-0.013301911734045142,-0.04559808397576637,-0.029449997854905756
"""Albanese's Diplomatic Debut: The First 100 Days of Foreign Policy in Review""",variant,2,-1.4685302794829358,2.1690208906735178,-0.08034965661838782,-0.01520014325786613,-0.047774899938126975
"""Global Challenges and Triumphs: Albanese Government's Maiden 100 Days in Foreign Policy""",variant,2,-1.4324453361224692,2.070832738510261,-0.04655810968751611,-0.10730026865564533,-0.07692918917158072
"""Setting the Global Stage: The Albanese Government's Opening Act in Foreign Policy""",variant,2,-1.4769732139186165,2.1501777512637417,-0.08808151844086445,-0.033583123792182326,-0.06083232111652339
"""Albanese's International Odyssey: A Look Back at the First 100 Days of Foreign Policy""",variant,2,-1.3900216612978604,2.21840870339884,-0.005239351007268659,0.03465802671000926,0.0147093378513703
"""100 Days of Diplomacy: Evaluating the Albanese Government's Foreign Policy Initiatives""",variant,2,-1.4260819103613873,2.178427887394697,-0.04047160803878766,-0.005892424030149702,-0.02318201603446868
"""Albanese's Foreign Affairs Primer: The Government's First 100 Days on the World Stage""",variant,2,-1.5197823360955112,2.166372543378883,-0.12629614492737812,-0.017804784774212015,-0.07205046485079507
"""Global Visions: Albanese Government's Inaugural 100 Days of Foreign Policy""",variant,2,-1.3961365480198,2.0813066388232166,-0.011303639576247703,-0.09790108352217407,-0.05460236154921089
"""Foreign Policy Unveiled: Highlights from the Albanese Government's First 100 Days""",variant,2,-1.4806629424258015,2.1042227834026663,-0.09144005021301074,-0.07698976606305057,-0.08421490813803065
"""The Albanese Administration's Global Gambit: A Review of the First 100 Days in Foreign Policy""",variant,2,-1.4422075724383592,2.100033658244057,-0.05582055010802361,-0.08084828390591965,-0.06833441700697163
"""Navigating International Waters: Albanese Government's Initial 100 Days of Foreign Policy""",variant,2,-1.475520820621245,2.1903811794153483,-0.08675609186315293,0.006061737582605113,-0.04034717714027391
"""From Canberra to the World: The Albanese Government's First 100 Days in Foreign Affairs""",variant,2,-1.396956972748525,2.198535361240974,-0.012114457866371865,0.014298885880047003,0.001092214006837569
"""Global Challenges, Local Solutions: Albanese Government's Debut in Foreign Policy""",variant,2,-1.3354944424626898,2.073604542467297,0.05050824960349076,-0.10482244757712873,-0.027157098986818985
"""Diplomacy in Action: Albanese's Government and Its First 100 Days in Foreign Policy""",variant,2,-1.4387691838195698,2.0729940426138103,-0.05256850654257272,-0.10536878655482562,-0.07896864654869917
"""Albanese's Worldview: A Snapshot of the Government's First 100 Days in Foreign Affairs""",variant,2,-1.382455386730556,2.1165519887809165,0.0023158274254486966,-0.06553934104901035,-0.03161175681178083
"""Breaking New Ground: Albanese Government's Maiden 100 Days in Foreign Policy""",variant,2,-1.4886776284882155,2.1256656140514285,-0.09869277001998063,-0.05698409131842249,-0.07783843066920156
"""From Canberra to the Capitals: Albanese's Government and the First 100 Days of Foreign Policy""",variant,2,-1.4442206212664588,2.152894851589722,-0.057719317646052495,-0.030953701598526916,-0.0443365096222897
"""A Global Perspective: Albanese Government's Inaugural 100 Days in Foreign Affairs""",variant,2,-1.4204059095207349,2.123317952115281,-0.035009838237867255,-0.059195377180962856,-0.04710260770941506
"""Foreign Policy Chronicles: Albanese Government's Opening Chapter in the First 100 Days""",variant,2,-1.565062032452647,2.0854886801499113,-0.16497490082613164,-0.09412056894853704,-0.12954773488733434
"""Albanese on the World Stage: Reflecting on the Government's First 100 Days in Foreign Policy""",variant,2,-1.4466170866877623,2.166360660770982,-0.0599747570977237,-0.01781645574549606,-0.03889560642160988
"""Global Diplomacy: Albanese's Government and Its Inaugural 100 Days in Foreign Affairs""",variant,2,-1.467999287360308,2.1066390777651227,-0.07986119985861125,-0.07475680497908439,-0.07730900241884782
"""100 Days of International Engagement: Albanese Government's Journey in Foreign Policy""",variant,2,-1.3927519670725896,2.122482872168396,-0.007951647367562585,-0.05998069630765105,-0.03396617183760682
"""Albanese's Foreign Policy Odyssey: A Review of the Government's First 100 Days""",variant,2,-1.458847605768962,2.1998723620110963,-0.07140173240585442,0.015655911241430905,-0.027872910582211755
"""From Diplomatic Novices to Seasoned Statesmen: Albanese Government's First 100 Days in Foreign Policy""",variant,2,-1.3961110236438974,2.1953848668182956,-0.011278403396623244,0.011108371385197942,-8.50160057126511e-05
"""Global Agenda: A Close Look at the Albanese Government's Opening 100 Days in Foreign Policy""",variant,2,-1.4246587927862493,2.124685434203768,-0.0391051142102778,-0.0579079636536452,-0.048506538931961496
"""Albanese's International Footprint: The Government's Inaugural 100 Days in Foreign Affairs""",variant,2,-1.4043137845358018,2.0991493061724475,-0.01935547779824026,-0.08166077831166225,-0.05050812805495126
"""Foreign Policy Unfolded: Albanese Government's First 100 Days on the Global Stage""",variant,2,-1.4811303656635475,2.138655302064743,-0.09186463300876355,-0.0446547047938929,-0.06825966890132823
"""The World Awaits: Albanese Government's Maiden 100 Days in Foreign Policy""",variant,2,-1.4414450485263077,2.1072051067908415,-0.05510031613729886,-0.07423294222807905,-0.06466662918268895
"""Charting New Horizons: Albanese Government's First 100 Days of Foreign Policy""",variant,2,-1.4395628978865644,2.175030294282399,-0.05332019789298164,-0.00926426576640905,-0.031292231829695344
"""From Canberra to Capitals: Albanese's Government and the First 100 Days of Foreign Affairs""",variant,2,-1.4517848884595534,2.152213332238845,-0.06482009056871882,-0.031613900408097806,-0.04821699548840831
"""Albanese's Foreign Policy Journey: A Look Back at the Government's First 100 Days""",variant,2,-1.4096579127238051,2.1714375812292315,-0.02458218928421896,-0.012817308617547922,-0.018699748950883444
"""Foreign Policy Pioneers: Albanese Government's Inaugural 100 Days on the Global Scene""",variant,2,-1.453819849426219,2.2248529893333595,-0.0667212101730721,0.04134718916693816,-0.012687010503066972
"""100 Days of Diplomatic Discourse: Albanese Government's Introduction to Foreign Policy""",variant,2,-1.3476580265727434,2.1036640964954456,0.03780770282533587,-0.07750529577272292,-0.019848796473693524
"""Albanese's International Debut: The Government's First 100 Days in Foreign Affairs""",variant,2,-1.4739784821921935,2.1562181012878665,-0.085346473914004,-0.027727961779188185,-0.05653721784659609
"""A Global Vision: Albanese Government's Opening Act in Foreign Policy""",variant,2,-1.4453567597590735,2.110600772780514,-0.05878927107739045,-0.07108400316875868,-0.06493663712307457
"""Foreign Policy Chronicles: Albanese's Government and Its First 100 Days in the World Arena""",variant,2,-1.392155744328209,2.1530990719569187,-0.007359989213700746,-0.030755782398759063,-0.019057885806229906
"""Navigating Global Waters: Albanese Government's Inaugural 100 Days in Foreign Policy""",variant,2,-1.301422363919874,2.2129149161523975,0.08691800492325254,0.02898942095278592,0.05795371293801923
"""From Canberra to the World: Albanese's Government and Its First 100 Days in Foreign Affairs""",variant,2,-1.3699344931901019,2.1379142616517153,0.014944614053952535,-0.045362392021233745,-0.015208888983640605
"""Albanese's Foreign Policy Blueprint: The Government's Initial 100 Days on the Global Stage""",variant,2,-1.4095972224824291,2.1328460314156636,-0.02452298914542696,-0.050188475029939235,-0.0373557320876831
"""Global Diplomacy in Action: Albanese Government's First 100 Days in Foreign Policy""",variant,2,-1.4544969480699226,2.1440893568068495,-0.06735291808744082,-0.03944917540577947,-0.05340104674661014
"""Breaking Barriers: Albanese Government's Maiden 100 Days in Foreign Affairs""",variant,2,-1.458319890201431,2.063727743444909,-0.07091156732156499,-0.11362041694325274,-0.09226599213240887
"""From Diplomacy Novices to Seasoned Statesmen: Albanese's Government's First 100 Days in Foreign Policy""",variant,2,-1.4050833359517643,2.1318390102410283,-0.0201098438798848,-0.05114447391114934,-0.03562715889551707
"""100 Days of International Engagement: Albanese Government's Odyssey in Foreign Policy""",variant,2,-1.3940661899998763,2.194190387963536,-0.009254563708774003,0.009901344843062035,0.00032339056714401557
"""Albanese's Foreign Policy Quest: A Review of the Government's First 100 Days""",variant,2,-1.4192419118770934,2.107787287501076,-0.03388593798171074,-0.0736938215872822,-0.05378987978449647
"""Charting Diplomatic Waters: Albanese Government's Inaugural 100 Days in Foreign Policy""",variant,2,-1.4917613672488148,2.2011704667098617,-0.10146788499631972,0.016975195051140705,-0.04224634497258951
"""From Canberra to Capitals: Albanese's Government and the First 100 Days of Foreign Affairs""",variant,2,-1.3920594177456231,2.196221743088255,-0.007264366988316478,0.011954898157244919,0.0023452655844642205
"""Albanese's Foreign Policy Odyssey: The Government's First 100 Days on the Global Stage""",variant,2,-1.427609979931146,2.164691841737986,-0.0419367144984794,-0.019454175429072632,-0.030695444963776013
"""Foreign Policy Unfolds: Albanese Government's First 100 Days on the World Stage""",variant,2,-1.4712832217644254,2.1189317223651827,-0.08287791925556989,-0.0633129255485669,-0.0730954224020684
Stamp duty reform should be allowed to go ahead',original,3,-1.4039467112200603,2.0972040425382525,0.0,0.0,0.0
"""Unlocking the Future: Stamp Duty Reform Deserves the Green Light""",variant,3,-1.4766384506110553,2.2031990840458056,-0.0701125664841983,0.11181636355982179,0.020851898537811747
"""Stamp Duty Shake-Up: Why Reform Should Get the Green Signal""",variant,3,-1.37569072183419,2.269772840480312,0.0286589764996627,0.1883535740830571,0.10850627529135991
"""The Time is Now: Advocating for Stamp Duty Reform to Move Forward""",variant,3,-1.426937910705308,2.118663100709301,-0.022728915775973444,0.021690959584565628,-0.0005189780957039081
"""A Case for Progress: Letting Stamp Duty Reform Forge Ahead""",variant,3,-1.4783626780258214,2.097941351727373,-0.07171452242465863,0.0007375810683563544,-0.03548847067815114
"""Economic Evolution: Why Stamp Duty Reform Deserves a Green Light""",variant,3,-1.390816688663177,2.1107662156628373,0.013216599808512376,0.013654556562138083,0.01343557818532523
"""Reforming the Rules: Why Stamp Duty Change Should Be Given the Green Light""",variant,3,-1.4229947882423948,2.1775106379181075,-0.018867808805375825,0.08361924940505402,0.0323757202998391
"""Innovation Over Obstruction: Advocating for Stamp Duty Reform Approval""",variant,3,-1.4248715593199648,2.126039496244611,-0.020707442499453797,0.02925522040884625,0.004273888954696227
"""Changing Tides: The Imperative of Allowing Stamp Duty Reform to Proceed""",variant,3,-1.4043932150244254,2.150285913678246,-0.0004464041363760044,0.05451597601040105,0.027034785937012522
"""Progress in Motion: Stamp Duty Reform Should March Forward""",variant,3,-1.4403251495424576,2.2076431600837236,-0.03572469430422061,0.11676835538371247,0.04052183053974593
"""A Brighter Future: Making the Case for Stamp Duty Reform Approval""",variant,3,-1.3655315037459224,2.1622871345778236,0.039162611399605175,0.06724770048816353,0.05320515594388435
"""The Path to Prosperity: Why Stamp Duty Reform Should Be Embraced""",variant,3,-1.419843899774078,2.1096074657837676,-0.01577149519052303,0.012480664722165932,-0.0016454152341785497
"""Stamp Duty Revolution: Advocating for Its Reform to Proceed""",variant,3,-1.4196642737141343,2.088063332253843,-0.015594686222845988,-0.009099060990140328,-0.012346873606493159
"""Unlocking Potential: Why Stamp Duty Reform Shouldn't Be Stalled""",variant,3,-1.4413958578789232,2.1130480978274426,-0.036756599379410955,0.01597023786695252,-0.010393180756229218
"""Stamp Duty: The Reform It Deserves, and Why It Shouldn't Wait""",variant,3,-1.500564921990048,2.2359362095425666,-0.09209743260548381,0.14881636786573596,0.028359467630126076
"""Economic Empowerment: The Case for Allowing Stamp Duty Reform""",variant,3,-1.377213560566163,2.034637032830868,0.027093686912559457,-0.060649884871900164,-0.016778098979670353
"""Changing the Game: Advocating for Stamp Duty Reform to Move Forward""",variant,3,-1.4046891334211136,2.100044272710948,-0.00074214667388093,0.002844267447771129,0.0010510603869450996
"""A Progressive Approach: Letting Stamp Duty Reform Take Center Stage""",variant,3,-1.4677625524790452,2.0664703725013958,-0.061822242742556495,-0.030266192144025133,-0.04604421744329081
"""Reviving the Economy: The Call for Stamp Duty Reform Approval""",variant,3,-1.4212452737613874,2.1426734760240382,-0.017149801427912146,0.04651901568668773,0.014684607129387793
"""The Path Forward: Why Stamp Duty Reform Should Be Pushed Through""",variant,3,-1.3737782093999187,2.1109554893486555,0.030628182047660334,0.013846432854198882,0.022237307450929607
"""A Vision for Growth: Advocating for Stamp Duty Reform to Proceed""",variant,3,-1.4397914572851194,2.0763203450320837,-0.035209930689168605,-0.020667143200107336,-0.027938536944637972
"""Stamp Duty in Motion: Making the Case for Reform Approval""",variant,3,-1.465085420303875,2.262350873921498,-0.05930725190321134,0.17956630334855997,0.06012952572267431
"""Catalyzing Change: Why Stamp Duty Reform Shouldn't Be Delayed""",variant,3,-1.4370603714044317,2.0873922218611987,-0.032571404772634,-0.009763841812780522,-0.021167623292707258
"""Stoking Economic Fires: Advocating for Stamp Duty Reform to Move Forward""",variant,3,-1.4634243109816045,2.1269417269384743,-0.05774335987174105,0.030184265103816166,-0.013779547383962441
"""Stamp Duty Shake-Up: The Time Is Ripe for Reform Approval""",variant,3,-1.4525718584100404,2.2008520313335014,-0.0474618756233309,0.10920993186093324,0.030874028118801168
"""A Progressive Stance: Advocating for the Stamp Duty Reform Green Light""",variant,3,-1.43058575372792,2.1500683930803484,-0.02628735302557649,0.05428662201032041,0.01399963449237196
"""Unlocking Potential: Why Stamp Duty Reform Shouldn't Be Held Back""",variant,3,-1.4360616945554985,2.138489685207985,-0.031604773635855204,0.04214974546968128,0.005272485916913039
"""Stamp Duty Reform: The Call for Progress and Approval""",variant,3,-1.432302178376599,2.1253014477381624,-0.02795722389984033,0.02849586038740348,0.0002693182437815741
"""The Future Beckons: Advocating for Stamp Duty Reform to Proceed""",variant,3,-1.4425614958490287,2.130664121584009,-0.037878738330687896,0.034026163591149385,-0.0019262873697692556
"""Reviving the Economy: The Imperative of Stamp Duty Reform Approval""",variant,3,-1.443007313592549,2.138369635213525,-0.038307573462300154,0.042024642907942396,0.001858534722821121
"""Steady Progress: Making the Case for Stamp Duty Reform to Move Forward""",variant,3,-1.459591560320613,2.1187043770171248,-0.05412499539652223,0.021733132085470567,-0.016195931655525832
"""Changing the Landscape: Why Stamp Duty Reform Should Be Given the Green Light""",variant,3,-1.3788732928228191,2.1173157670325238,0.02539040028067058,0.020315327873023856,0.022852864076847217
"""Stamp Duty Revolution: Advocating for Its Timely Reform Approval""",variant,3,-1.3918181823690903,2.1216760131958257,0.01220237771437039,0.024773866967013784,0.01848812234069209
"""A Vision for Prosperity: Why Stamp Duty Reform Shouldn't Be Hindered""",variant,3,-1.4263882139751096,2.107605940551228,-0.02219156538011103,0.010456185822921777,-0.005867689778594626
"""Stamp Duty Reimagined: The Case for Reform Approval""",variant,3,-1.4045438771553223,2.1719216916861956,-0.00059698766717181,0.07757985233770934,0.03849143233526876
"""Economic Empowerment: Advocating for Stamp Duty Reform to Proceed""",variant,3,-1.4007078994126583,2.0080809729939153,0.0032440624254215468,-0.08526700912553381,-0.04101147335005613
"""Stamp Duty's New Dawn: The Push for Reform Approval""",variant,3,-1.4528286561403057,2.1692512394960097,-0.04770645384675147,0.0747060657236356,0.013499805938442064
"""Paving the Way: Why Stamp Duty Reform Should Be Allowed to Proceed""",variant,3,-1.4547319791847326,2.1026196406046895,-0.04951725228435078,0.005430288925602366,-0.022043481679374206
"""A Brighter Tomorrow: Advocating for Stamp Duty Reform Approval""",variant,3,-1.4833731951861007,2.165804393259622,-0.07635407974246376,0.07100809599351621,-0.0026729918744737777
"""The Road to Recovery: The Case for Stamp Duty Reform to Move Forward""",variant,3,-1.4371025495320626,2.138243921730393,-0.03261220823888442,0.041893654594244344,0.00464072317767996
"""Stamp Duty's Evolution: Why Reform Should Get the Green Light""",variant,3,-1.4272286444654225,2.1611123214271544,-0.023013000174477403,0.06599462006641132,0.02149080994596696
"""Progress in the Balance: Advocating for Stamp Duty Reform Approval""",variant,3,-1.4809952606394912,2.0745765342972677,-0.07415509671718924,-0.022373426199065016,-0.04826426145812713
"""Stamp Duty Reform: Why It's Time to Let It Forge Ahead""",variant,3,-1.4235959117548822,2.120224581099505,-0.019457413204073223,0.023287556185542364,0.0019150714907345701
"""A Blueprint for Change: Making the Case for Stamp Duty Reform to Proceed""",variant,3,-1.4225935148809232,2.1405941761906764,-0.018474027591295357,0.04434524961066772,0.012935611009686182
"""Stamp Duty Overhaul: The Call for Reform Approval""",variant,3,-1.4333021095428016,2.0932268039240496,-0.028928713973997232,-0.003969339875897798,-0.016449026924947516
"""Empowering the Economy: Advocating for Stamp Duty Reform to Move Forward""",variant,3,-1.3773648459788241,2.1243829319052367,0.026938314373388842,0.027551604378972822,0.027244959376180832
"""The Path to Progress: Why Stamp Duty Reform Shouldn't Be Hindered""",variant,3,-1.422293552527638,2.0636624064184206,-0.018179562588801355,-0.032985352344549884,-0.025582457466675618
"""Stamp Duty Reform Momentum: The Push for Approval""",variant,3,-1.3741210349924744,2.1815539929509167,0.030274916888073957,0.08800957659520411,0.05914224674163904
"""Charting a New Course: Advocating for Stamp Duty Reform to Proceed""",variant,3,-1.4197916539182802,2.124847860154406,-0.015720071986675636,0.02802945322143302,0.006154690617378692
"""Stimulating Growth: The Case for Stamp Duty Reform Approval""",variant,3,-1.4508195899100376,2.185414664991922,-0.04579130986050038,0.09221814346882687,0.023213416804163244
"""A Progressive Future: Why Stamp Duty Reform Deserves the Green Light""",variant,3,-1.4530011814623642,2.15264717746657,-0.047870734425808505,0.05700890847604947,0.0045690870251204815
Stars collide in battle for Jillaroos No.1 jersey at the World Cup',original,4,-1.4337199400724625,2.0482356534726276,0.0,0.0,0.0
"""World Cup Showdown: Celestial Clash for the Jillaroos' Top Spot""",variant,4,-1.379099459655652,2.2102747424224485,0.05613971290163887,0.1759062053613063,0.11602295913147259
"""Jillaroos' Cosmic Confrontation: A Stellar Battle at the World Cup""",variant,4,-1.454529297314247,2.103705440876574,-0.02059433663041628,0.057037080755651344,0.018221372062617532
"""When Stars Align: The Epic Fight for the Jillaroos' No.1 Jersey""",variant,4,-1.4035432148708933,2.2052702880414894,0.030636657331158952,0.17003613689631542,0.10033639711373718
"""Celestial Clash: Who Will Shine Brightest in the Jillaroos' World Cup Quest?""",variant,4,-1.3917889773118186,2.2640673983552038,0.04282248268024406,0.24089357474084314,0.1418580287105436
"""Astrological Rivalry: Stars Collide for the Jillaroos' No.1 Jersey at the World Cup""",variant,4,-1.4133021977601945,2.089536529348459,0.020627610322888113,0.04216562087245672,0.031396615597672414
"""Galactic Showdown: The Battle for the Jillaroos' Top Spot Heats Up""",variant,4,-1.3656392279587772,2.242687877721644,0.07045170341174888,0.21464545090019782,0.14254857715597335
"""World Cup Stargazers: A Celestial Battle for Jillaroos' No.1 Jersey""",variant,4,-1.3410661889120643,2.1105045517573653,0.09708180619453415,0.06424848084658806,0.0806651435205611
"""Shooting Stars: The Epic Duel for Jillaroos' No.1 at the World Cup""",variant,4,-1.3728131942610302,2.1500177416633957,0.06279979903294662,0.10714218608254604,0.08497099255774633
"""Constellation Challenge: Stars Collide in Jillaroos' World Cup Quest""",variant,4,-1.4387188346513757,2.053954677478461,-0.004986420898933727,0.005735408843825055,0.00037449397244566397
"""Cosmic Conflict: The Fight for Jillaroos' No.1 Jersey at the World Cup""",variant,4,-1.4093188153037304,2.114351403816849,0.024701268523228494,0.06835037193261446,0.04652582022792148
"""Stellar Struggle: Who Will Emerge as Jillaroos' No.1 at the World Cup?""",variant,4,-1.4302438975884522,2.1241564567007156,0.00348209092586876,0.07887712718800349,0.04117960905693613
"""When Worlds Collide: Jillaroos' Battle for the No.1 Jersey at the World Cup""",variant,4,-1.36640693346641,2.1353831874947082,0.06963022710967183,0.09105763596608028,0.08034393153787606
"""Astrological Showdown: Stars Compete for Jillaroos' No.1 Spot at the World Cup""",variant,4,-1.4056444858857515,2.1788800227818172,0.028473284108983914,0.13956244586155594,0.08401786498526993
"""Celestial Contest: The Jillaroos' World Cup Clash for the Top Spot""",variant,4,-1.4108339578680495,2.1662848888330286,0.023149875603089533,0.12529951453059074,0.07422469506684014
"""Galactic Glory: The Epic Battle for the Jillaroos' No.1 Jersey at the World Cup""",variant,4,-1.4648136620926564,2.1692829174144785,-0.030615283875496415,0.1286782568901999,0.04903148650735174
"""World Cup Astrology: Stars Collide in Jillaroos' No.1 Fight""",variant,4,-1.4087986743924652,2.1231673646549027,0.025234396213554368,0.07781054596354849,0.05152247108855143
"""Stellar Showdown: Who Will Claim the Jillaroos' No.1 Jersey at the World Cup?""",variant,4,-1.3960342609499155,2.1315487541748466,0.03840478927264949,0.08688205881500392,0.06264342404382671
"""Cosmic Competition: The Battle for the Jillaroos' Top Spot at the World Cup""",variant,4,-1.405277285960247,2.155044249092391,0.028851008768281377,0.11272125437332971,0.07078613157080554
"""When Planets Align: Jillaroos' Intense Fight for the No.1 Jersey at the World Cup""",variant,4,-1.391381975626318,2.1679103558153425,0.043246999572058124,0.1271301391435426,0.08518856935780036
"""Astro Clash: Stars Compete for Jillaroos' No.1 Spot at the World Cup""",variant,4,-1.4043817922559148,2.228494048110862,0.029772751014922556,0.1975267576404627,0.11364975432769263
"""Celestial Duel: The Epic Rivalry for Jillaroos' No.1 Jersey at the World Cup""",variant,4,-1.401993993186542,2.1017624872930636,0.032234579437576245,0.05498530067389234,0.04360994005573429
"""Galactic Battle: Stars Collide in Jillaroos' Fight for World Cup Glory""",variant,4,-1.4479501610464576,2.134523705297598,-0.01412944994381616,0.09012029422391801,0.03799542214005093
"""World Cup Stardust: Jillaroos' No.1 Jersey Battle Heats Up""",variant,4,-1.3237734873160758,2.1188342230773975,0.11621829844541984,0.07315034422282632,0.09468432133412308
"""Stellar Strife: Who Will Rise as Jillaroos' No.1 at the World Cup?""",variant,4,-1.4258543437172344,2.140539821173824,0.007896611422243693,0.09669835157029961,0.052297481496271656
"""Cosmic Showdown: The Intense Fight for Jillaroos' Top Spot at the World Cup""",variant,4,-1.4257101858431267,2.139723653620652,0.00804191812836807,0.09580362713232492,0.051922772630346496
"""When Worlds Align: Jillaroos' Celestial Clash for No.1 at the World Cup""",variant,4,-1.4788059269840041,2.1547368921898435,-0.04408471790370318,0.11237930436822609,0.034147293232261455
"""Astrological Rumble: Stars Compete for Jillaroos' No.1 at the World Cup""",variant,4,-1.4303858649571783,2.195014547485688,0.0033396393258348393,0.15809787234626899,0.08071875583605191
"""Celestial Showdown: The Jillaroos' Epic Battle for World Cup Supremacy""",variant,4,-1.4213900285097498,2.164434634951002,0.012406238300336655,0.12321934974531554,0.0678127940228261
"""Galactic Glory Beckons: Stars Collide in Jillaroos' World Cup Challenge""",variant,4,-1.4490823391963645,2.13244513287891,-0.015244999419693902,0.08785675352888278,0.03630587705459444
"""World Cup Astral Duel: The Fight for Jillaroos' No.1 Jersey Takes Off""",variant,4,-1.4574328861723336,2.1499618987939773,-0.02343400339467289,0.10708036181225948,0.0418231792087933
"""Stellar Showdown: Who Will Shine Brightest in the Jillaroos' World Cup Campaign?""",variant,4,-1.3691282973935883,2.2013498490878645,0.06672333114909541,0.16545806154423917,0.1160906963466673
"""Cosmic Combat: The Intense Battle for Jillaroos' No.1 Spot at the World Cup""",variant,4,-1.3739209817914542,2.2210385675558615,0.06162309455785004,0.18863181940576182,0.12512745698180594
"""When Stars Unite: Jillaroos' No.1 Jersey Battle Takes Center Stage at the World Cup""",variant,4,-1.3825781039916283,2.0717793661182187,0.0524721612236988,0.023823053782783227,0.03814760750324101
"""Astrological Face-Off: Stars Compete for Jillaroos' World Cup Supremacy""",variant,4,-1.40374748220436,2.090851787474531,0.03042615342966004,0.04353723949255942,0.03698169646110973
"""Celestial Confrontation: The Jillaroos' Epic Clash for World Cup Glory""",variant,4,-1.4397645246461606,2.127513874298462,-0.006026352825308431,0.08250545573940933,0.03823955145705045
"""Galactic Grit: Stars Collide in Jillaroos' Battle for the No.1 Jersey at the World Cup""",variant,4,-1.4004215897420111,2.1539739446772668,0.03385894539047686,0.1115309410144237,0.07269494320245029
"""World Cup Constellation: The Intense Fight for Jillaroos' Top Spot""",variant,4,-1.371511400111329,2.079278772916892,0.0641842465309432,0.031529981927144145,0.04785711422904368
"""Stellar Struggle: Who Will Emerge as Jillaroos' No.1 in the World Cup Battle?""",variant,4,-1.428811960723841,2.1276319845413263,0.004920043207580205,0.08263331827247736,0.04377668074002878
"""Cosmic Showdown: The Epic Battle for Jillaroos' No.1 Jersey at the World Cup""",variant,4,-1.4015762697070662,2.137231858905629,0.03266585812908068,0.0930765085664146,0.06287118334774763
"""When Planets Align: Jillaroos' Celestial Rivalry for No.1 at the World Cup""",variant,4,-1.4237608697321953,2.1005318512434723,0.010008826920541385,0.053687796272691546,0.03184831159661647
"""Astrological Duel: Stars Compete for Jillaroos' No.1 Spot in the World Cup""",variant,4,-1.4325332863783378,2.1837604737194902,0.0011873580461993294,0.14513761808008308,0.0731624880631412
"""Celestial Clash of Titans: Jillaroos' World Cup Battle for No.1 Jersey""",variant,4,-1.4292407906899753,2.207360668844353,0.004489195766233073,0.17248451610643428,0.08848685593633368
"""Galactic Grudge Match: Stars Collide in Jillaroos' Fight for the Top Spot at the World Cup""",variant,4,-1.3663133101254559,2.1148078460464204,0.0697303741530967,0.06883812346507313,0.06928424880908492
"""World Cup Stardust: The Intense Jillaroos' No.1 Jersey Battle Takes Flight""",variant,4,-1.3827324207684084,2.2210822229630693,0.052309759643094554,0.18868371074451856,0.12049673519380656
"""Stellar Showdown: Who Will Shine Brightest in the Jillaroos' World Cup Challenge?""",variant,4,-1.3978587320525229,2.168066737173802,0.0365119769575477,0.12730641506863757,0.08190919601309264
"""Cosmic Competition: The Battle for Jillaroos' Top Spot at the World Cup Heats Up""",variant,4,-1.430594861127139,2.13339141856663,0.0031299670951556564,0.08888666402296341,0.046008315559059536
"""When Worlds Collide: Jillaroos' Celestial Struggle for No.1 at the World Cup""",variant,4,-1.4311030219342855,2.169623264012919,0.00262034525729264,0.12906246407376154,0.06584140466552708
"""Astro Clash: Stars Compete for Jillaroos' No.1 Jersey in the World Cup Arena""",variant,4,-1.3993762291838718,2.098469548048843,0.034940265841072134,0.05151701174161227,0.0432286387913422
"""Celestial Duel: The Epic Rivalry for Jillaroos' World Cup Supremacy""",variant,4,-1.3610638060145532,2.119844669306517,0.07536069341212805,0.07423525297009292,0.07479797319111048
"""Galactic Battle Royale: Stars Collide in Jillaroos' No.1 Jersey Showdown at the World Cup""",variant,4,-1.3849747378526305,2.158112765702353,0.04995279101423197,0.11614090196412405,0.08304684648917801
"""Cryptocurrency company accidentally transfers $10.5m to Australian woman and doesn't notice for seven months""",original,5,-1.429070935625275,2.1261321012933716,0.0,0.0,0.0
"""Crypto Mishap: $10.5 Million Accidentally Lands in Aussie Woman's Wallet, Goes Unnoticed for Seven Months""",variant,5,-1.3962264811797596,2.144514351769384,0.03338978755202086,0.01855224406631452,0.025971015809167688
"""Crypto Caper Down Under: $10.5 Million Transferred by Mistake to Australian Woman, Unnoticed for Seven Months""",variant,5,-1.4105618176403698,2.216086682231876,0.018681473449527992,0.0941245884646961,0.05640303095711204
"""Crypto Surprise: $10.5 Million Accidentally Sent to Australian Woman, Lay Unnoticed for Seven Months""",variant,5,-1.423420797863478,2.223103859849439,0.005666129895226062,0.10182925593245366,0.053747692913839865
"""Crypto Drama Down Under: Aussie Woman Receives $10.5 Million by Mistake, Goes Unnoticed for Seven Months""",variant,5,-1.3698597979206262,2.199541082150011,0.06099923403552033,0.07617058008968794,0.06858490706260413
"""Australian Woman's Unexpected Windfall: Crypto Company Accidentally Transfers $10.5 Million, Remains Unnoticed for Seven Months""",variant,5,-1.4361170976332274,2.1436464916548226,-0.007021396010979405,0.01766866666534247,0.005323635327181534
"""Crypto Coin Fiasco: $10.5 Million Mistakenly Sent to Australian Woman, Languishes Unnoticed for Seven Months""",variant,5,-1.4192729930582129,2.1893613168503814,0.009846099557643139,0.0652709879317615,0.03755854374470232
"""Crypto Curiosity: Aussie Woman Stumbles Upon $10.5 Million Accidentally Transferred, No One Notices for Seven Months""",variant,5,-1.3861223996650487,2.2571654934106067,0.04388417097170646,0.14000584788534648,0.09194500942852647
"""Crypto Coincapade: Accidental $10.5 Million Transfer to Australian Woman Goes Unnoticed for Seven Months""",variant,5,-1.4081155264074716,2.1005896192600355,0.02117651556270186,-0.025219032591428957,-0.002021258514363548
"""Unexpected Crypto Fortune: Australian Woman Receives $10.5 Million in Accidental Transfer, Undetected for Seven Months""",variant,5,-1.4385328892174076,2.1459981410540303,-0.009417330161756011,0.020064682764593784,0.005323676301418887
"""Aussie's Crypto Jackpot: $10.5 Million Mistakenly Sent, Remains Unnoticed for Seven Months""",variant,5,-1.4232718529752588,2.3301254505306144,0.005815929880223335,0.22628999766524371,0.11605296377273353
"""Crypto Coin Gaffe: $10.5 Million Accidentally Lands in Australian Woman's Wallet, Unnoticed for Seven Months""",variant,5,-1.3691913957276578,2.141742393085729,0.06170864530990173,0.015732768868344096,0.03872070708912291
"""Surprise in the Crypto World: $10.5 Million Accidentally Transferred to Aussie Woman, Left Unnoticed for Seven Months""",variant,5,-1.4716840391958173,2.1523274776312036,-0.04171792573284268,0.02654149079929654,-0.007588217466773069
"""Crypto Cluelessness: $10.5 Million Accidentally Sent to Australian Woman, No One Notices for Seven Months""",variant,5,-1.4181274562961756,2.1952047772527328,0.011003578229295667,0.07151407963236234,0.041258828930829
"""Australian Woman's Lucky Break: Crypto Company Accidentally Transfers $10.5 Million, Unnoticed for Seven Months""",variant,5,-1.4473671821975576,2.1607606065912788,-0.018129886386996735,0.035235053017637734,0.0085525833153205
"""Crypto Coincapade: $10.5 Million Mistakenly Sent to Aussie Woman, Left Unnoticed for Seven Months""",variant,5,-1.447858216743108,2.162624250144065,-0.018611900179627293,0.03716616103939802,0.009277130429885365
"""Crypto Drama Down Under: $10.5 Million Accidentally Lands in Australian Woman's Wallet, Lay Unnoticed for Seven Months""",variant,5,-1.4768592672485097,2.2129530929743617,-0.046664443287572153,0.09070141761471984,0.022018487163573842
"""Unbelievable Crypto Error: Aussie Woman Receives $10.5 Million by Mistake, Goes Unnoticed for Seven Months""",variant,5,-1.3303607130631059,2.1615015427054027,0.10374641240567867,0.036002380290164955,0.06987439634792181
"""Cryptocurrency Caper: $10.5 Million Accidentally Transferred to Australian Woman, Unnoticed for Seven Months""",variant,5,-1.3465642317173308,2.1593710300579088,0.08600595389859465,0.03379751369820916,0.059901733798401906
"""Aussie Woman's Crypto Surprise: $10.5 Million Mistakenly Sent, Left Unnoticed for Seven Months""",variant,5,-1.3083727745123412,2.1991778500305537,0.1282843008873608,0.07577975135405626,0.10203202612070854
"""Crypto Company's Costly Blunder: $10.5 Million Accidentally Transferred to Australian Woman, Undetected for Seven Months""",variant,5,-1.4019053505552428,2.1484633006923772,0.027537933618234943,0.022582407070197534,0.02506017034421624
"""Crypto Coincapade: Aussie Woman Receives $10.5 Million by Mistake, Unnoticed for Seven Months""",variant,5,-1.3346686773208312,2.139941223464768,0.09900173958974934,0.013904908499491345,0.05645332404462034
"""Cryptocurrency Conundrum: $10.5 Million Accidentally Lands in Australian Woman's Wallet, Remains Unnoticed for Seven Months""",variant,5,-1.389697603818536,2.1403333527969113,0.04015873551228798,0.0143025683160617,0.027230651914174838
"""Crypto Chaos: Aussie Woman Finds $10.5 Million in Her Wallet, No One Notices for Seven Months""",variant,5,-1.413052613323494,2.224121280585246,0.01614730339307893,0.1029508503347082,0.05954907686389357
"""Australian Woman's Crypto Windfall: $10.5 Million Accidentally Transferred, Unnoticed for Seven Months""",variant,5,-1.4157809655749558,2.196461058864116,0.01337867422531221,0.07286104897619765,0.04311986160075493
"""Crypto Coin Blunder Down Under: $10.5 Million Sent to Aussie Woman by Mistake, Lay Unnoticed for Seven Months""",variant,5,-1.4330940902350606,2.182944284972876,-0.00401507256534933,0.05845699622737766,0.027220961831014166
"""Crypto Coincapade: Aussie Woman's Unexpected $10.5 Million Fortune, Unnoticed for Seven Months""",variant,5,-1.3796925171632515,2.15157200278452,0.05061784871548379,0.025766257395460776,0.03819205305547228
"""Cryptocurrency Curiosity: $10.5 Million Accidentally Sent to Australian Woman, Unnoticed for Seven Months""",variant,5,-1.4118237991202804,2.2029089040102305,0.017396727129644532,0.07980104083571296,0.048598883982678746
"""Aussie Woman's Crypto Jackpot: $10.5 Million Mistakenly Transferred, Remains Unnoticed for Seven Months""",variant,5,-1.3895848646793965,2.132713680817357,0.04027600872321435,0.006603285712706942,0.023439647217960647
"""Crypto Coin Gaffe: $10.5 Million Accidentally Lands in Australian Woman's Wallet, Lay Unnoticed for Seven Months""",variant,5,-1.4468418914278012,2.1217944548623033,-0.01761398359159063,-0.004328252430314009,-0.010971118010952319
"""Surprise Windfall: Aussie Woman Discovers $10.5 Million in Crypto Accidentally Transferred, Unnoticed for Seven Months""",variant,5,-1.4220365633354632,2.1999567964087694,0.007059171601662147,0.07661805254858389,0.041838612075123016
"""Crypto Company's Costly Error: $10.5 Million Accidentally Sent to Australian Woman, Remains Unnoticed for Seven Months""",variant,5,-1.412629464265615,2.1762123610402573,0.0165773761532004,0.051355474514166256,0.033966425333683326
"""Crypto Drama Down Under: Aussie Woman's $10.5 Million Surprise, Lay Unnoticed for Seven Months""",variant,5,-1.3632710995797466,2.2268854435648957,0.06801291808016229,0.10600380373008841,0.08700836090512534
"""Cryptocurrency Caper: $10.5 Million Accidentally Transferred to Australian Woman, Goes Unnoticed for Seven Months""",variant,5,-1.4132173536155435,2.19048535110993,0.015979916777591172,0.06646906223003565,0.04122448950381341
"""Aussie Woman's Crypto Delight: $10.5 Million Mistakenly Sent, Unnoticed for Seven Months""",variant,5,-1.4047814519603883,2.202506386779634,0.02458687612806423,0.07936648977417274,0.051976682951118486
"""Crypto Coincapade: $10.5 Million Accidentally Lands in Aussie Woman's Wallet, Remains Unnoticed for Seven Months""",variant,5,-1.4327554509833436,2.0995219698197674,-0.0036777358603004434,-0.026259201578942827,-0.014968468719621635
"""Crypto Surprise in Australia: $10.5 Million Accidentally Transferred to Woman, Undetected for Seven Months""",variant,5,-1.4132588374647734,2.1905007000028927,0.015937770894095604,0.06648543147514456,0.041211601184620084
"""Australian Woman's Lucky Break: Crypto Company Accidentally Transfers $10.5 Million, Lay Unnoticed for Seven Months""",variant,5,-1.4966520846166655,2.1824113767739095,-0.06534812851814319,0.05789308608534918,-0.003727521216397002
"""Crypto Coincapade: $10.5 Million Mistakenly Sent to Aussie Woman, Lay Unnoticed for Seven Months""",variant,5,-1.3761859129223517,2.19661123996926,0.05430841661819886,0.07302218453365389,0.06366530057592637
"""Crypto Drama Down Under: $10.5 Million Accidentally Lands in Australian Woman's Wallet, Unnoticed for Seven Months""",variant,5,-1.4059020091913539,2.1634186897485836,0.023439410915554838,0.037990454296445486,0.03071493260600016
"""Unbelievable Crypto Error: Aussie Woman Receives $10.5 Million by Mistake, Goes Unnoticed for Seven Months""",variant,5,-1.3714626961749936,2.1333441637771973,0.05929992249098807,0.0072381320405342855,0.03326902726576118
"""Cryptocurrency Caper: $10.5 Million Accidentally Transferred to Australian Woman, Unnoticed for Seven Months""",variant,5,-1.4493148714111175,2.1461642880162404,-0.020040403066072535,0.020234177493020013,9.688721347373905e-05
"""Aussie Woman's Crypto Surprise: $10.5 Million Mistakenly Sent, Left Unnoticed for Seven Months""",variant,5,-1.4128949417656833,2.1681019806044577,0.016307533552907517,0.04286306652368029,0.029585300038293905
"""Crypto Company's Costly Blunder: $10.5 Million Accidentally Transferred to Australian Woman, Undetected for Seven Months""",variant,5,-1.4335326108583046,2.134809513332158,-0.00445173674634768,0.008715169913156417,0.0021317165834043683
"""Crypto Coincapade: Aussie Woman Receives $10.5 Million by Mistake, Unnoticed for Seven Months""",variant,5,-1.3669341943600162,2.1119232232706877,0.06410784223276919,-0.014108408332122901,0.024999716950323145
"""Cryptocurrency Conundrum: $10.5 Million Accidentally Lands in Australian Woman's Wallet, Remains Unnoticed for Seven Months""",variant,5,-1.3174106241859103,2.1415442259589974,0.11813297914571337,0.015531503966712419,0.0668322415562129
"""Crypto Chaos: Aussie Woman Finds $10.5 Million in Her Wallet, No One Notices for Seven Months""",variant,5,-1.4287058333020073,2.1738242735954016,0.00036516898123302644,0.04884774124036391,0.024606455110798467
"""Australian Woman's Crypto Windfall: $10.5 Million Accidentally Transferred, Unnoticed for Seven Months""",variant,5,-1.3545139414081353,2.1793615443016088,0.07740674772652384,0.05467160438597611,0.06603917605624998
"""Crypto Coin Blunder Down Under: $10.5 Million Sent to Aussie Woman by Mistake, Lay Unnoticed for Seven Months""",variant,5,-1.4140780159719013,2.148456163660246,0.015105877288801091,0.022575108892745444,0.018840493090773267
"""Crypto Coincapade: Aussie Woman's Unexpected $10.5 Million Fortune, Unnoticed for Seven Months""",variant,5,-1.401399628714918,2.1492552580103657,0.028057713413947326,0.023392569455393634,0.02572514143467048
"""Cryptocurrency Curiosity: $10.5 Million Accidentally Sent to Australian Woman, Unnoticed for Seven Months""",variant,5,-1.426123731780092,2.1612867027834124,0.002951551120154894,0.035779829526851915,0.019365690323503406
